ID_Cod,Livraria,TipoDoc,Descricao,DataProdCopia,LugarProdCopia,Obra,ProbAtribObra,AtribuicaoAlternatObra,Sinopse_Obra,CatLit_Descricao,GenLit_Descricao,TradicaoIntelectual_Obra,Nome_Autor,ProbAtribAutor,AtribuicaoAlternatAutor,EpocaHistorica_Autor,DataNasc_Autor,DataMorte_Autor,OrigemGeografica_Autor,ProducaoTextual_Autor,BioAbreviada_Autor,EstatutoAutor,NumCopias,Forma,Suporte,AnteriorProp,PosteriorProp,Idioma_Obra,ClassificIdioma_Obra
AFO001,"Dom Afonso V, Rei",Vários,Cantigas,,,,,,,Poesia,Poesia lírica,,Dante Alighieri,,,Baixa Idade Média (XIV-XV),,,,,,Autor,1,,,,,,
AFO002,"Dom Afonso V, Rei",Vários,S. Tomás,,,,,,,Espiritualidade e religiosidade,Teologia,,Tomás de Aquino (Thomas Aquinas),,,Idade Média Central (XI-XIII),,,,,,Autor,1,,,,,,
AFO003,"Dom Afonso V, Rei",Vários,S. Gregório,,,,,,,,,,"Gregório I, Papa",,,Antiguidade Tardia (III-VIII),,,Península Itálica,Península Itálica,,Autor,1,,,,,,
AFO004,"Dom Afonso V, Rei",Vários,Orósio,,,,,,,História,Historiografia,,Paulo Orósio (Paulo Orosius),,,Antiguidade Tardia (III-VIII),,,,,,Autor,1,,,,,,
AFO005,"Dom Afonso V, Rei",Vários,Marco Polo,,,,,,,Técnica,Viagens,,Marco Polo,,,Idade Média Central (XI-XIII),,,Península Itálica,Extremo Oriente,,Autor,1,,,,,,
AFO006,"Dom Afonso V, Rei",Vários,Metamorfoses,,,Metamorfoses,,,,Poesia,Poesia épica,,Ovídio (Publius Ovidius Naso),,,Antiguidade Clássica (V a.C-II.),,,,,,Autor,1,,,,,,
AFO007,"Dom Afonso V, Rei",Vários,Fedra,,,Fedra (Phaedra),,,,Dramaturgia,Tragédia,,Séneca (Lucius Annaeus Seneca),,,Antiguidade Clássica (V a.C-III),,,Península Itálica,Península Itálica,,Autor,1,,,,,,
AFO008,"Dom Afonso V, Rei",Vários,Hipólito,,,Hipólito,,,,Dramaturgia,Tragédia,,Séneca (Lucius Annaeus Seneca),,,Antiguidade Clássica (V a.C-III),,,Península Itálica,Península Itálica,,Autor,1,,,,,,
AFO009,"Dom Afonso V, Rei",Vários,Lucas de Tui,,,,,,,,,,Lucas de Tui,,,Idade Média Central (XI-XIII),,,,,,Autor,1,,,,,,
AFO010,"Dom Afonso V, Rei",Vários,Cícero,,,Por classificar,,,,Filosofia e Artes liberais,Filosofia,,Marco Túlio Cícero (Marcus Tullius Cicero),,,Antiguidade Clássica (V a.C-III),,,Península Itálica,Península Itálica,,Autor,1,,,,,,
AFO011,"Dom Afonso V, Rei",Vários,S. Jerónimo,,,,,,,,,,Jerónimo de Estridăo,,,Antiguidade Tardia (III-VIII),,,,,,Autor,1,,,,,,
AFO012,"Dom Afonso V, Rei",Vários,Salústio,,,Por classificar,,,,História,Historiografia,,"Salústio (Gaius Sallustius Crispus)

)",,,Antiguidade Clássica (V a.C-II.),,,,,,Autor,1,,,,,,
AFO013,"Dom Afonso V, Rei",Vários,Ética de Aristóteles,,,Por classificar,,,,Filosofia e Artes liberais,Filosofia,,Aristóteles,,,Antiguidade Clássica (V a.C-III),,,Grécia,Grécia,,Autor,1,,,,,,
AFO014,"Dom Afonso V, Rei",Vários,Valério Máximo,,,Feitos e ditos memoráveis (Facta et Dicta Memorabilia),,,,Moralidades,Contos morais e exemplares,Ética e moral romana,Valério Máximo (Gaius Valerius Maximus),,,Antiguidade Clássica (V a.C-III),,,Desconhecido,Desconhecido,,Autor,1,,,,,,
AFO015,"Dom Afonso V, Rei",Vários,Summa de História Roma,,,Farsália (Pharsalia),,,,Poesia,Poesia épica,,Lucano (Marcus Annaeus Lucanus),,,Antiguidade Clássica (V a.C-II.),,,,,,Autor,1,,,,,,
AFO016,"Dom Afonso V, Rei",Vários,Lucano,,,Farsália (Pharsalia),,,,Poesia,Poesia épica,,Lucano (Marcus Annaeus Lucanus),,,Antiguidade Clássica (V a.C-II.),,,,,,Autor,,,,,,,
AFO017,"Dom Afonso V, Rei",Vários,S. Crisóstomo,,,,,,,,,,Joăo Crisóstomo (Johannes Chrisostomus),,,Antiguidade Tardia (III-VIII),,,,,,Autor,1,,,,,,
AFO018,"Dom Afonso V, Rei",Vários,Viagens de S. Brandăo,,,,,,,,,,Por classificar,,,Indeterminada,,,,,,Autor,1,,,,,,
AFO019,"Dom Afonso V, Rei",Vários,Cidade de Deus,,,,,,,Espiritualidade e religiosidade,Teologia,,Agostinho de Hipona (Augustinus),,,Antiguidade Tardia (III-VIII),,,Norte de África,Norte de África,,Autor,1,,,,,,
AFO020,"Dom Afonso V, Rei",Vários,Décadas,,,Por classificar,,,,História,Historiografia,,Tito Lívio (Titus Livius),,,Antiguidade Clássica (V a.C-III),,,Península Itálica,Península Itálica,,Autor,1,,,,,,
AFO021,"Dom Afonso V, Rei",Vários,Rodrigo de Toledo,,,,,,,,,,Rodrigo de Toledo,,,Idade Média Central (XI-XIII),,,,,,Autor,1,,,,,,
AFO022,"Dom Afonso V, Rei",Vários,Das Antiguidades judaicas,,,Antiguidades Judaicas,,,,História,Historiografia,,Flávio Josefo (Yosef ben Matityahu),,,Antiguidade Clássica (V a.C-II.),,,,,,Autor,1,,,,,,
AFO023,"Dom Afonso V, Rei",Vários,Das geraçőes de Noé,,,,,,,,,,Gualter,,,,,,,,,Autor,1,,,,,,
AFO024,"Dom Afonso V, Rei",Vários,As Obras dos Romăos,,,,,,,História,Historiografia,,Por classificar,,,Indeterminada,,,,,,Autor,1,,,,,,
AFO025,"Dom Afonso V, Rei",Vários,De re militari,,,,,,,Técnica,Ética cavaleiresca,,Vegécio (Publius Flavius Vegetius Renatus),,,Antiguidade Tardia (III-VIII),,,Desconhecido,Desconhecido,,Autor,1,,,,,,
AFO026,"Dom Afonso V, Rei",Vários,Escritura Santa,,,Bíblia [Completa],,,,Espiritualidade e religiosidade,Bíblia / Escrituras,,Anónimo (Antiguidade Clássica),,,Antiguidade Clássica (V a.C-III),,,Desconhecido,Desconhecido,,Autor,1,,,,,,
AFO027,"Dom Afonso V, Rei",Vários,Séneca,,,Por classificar,,,,Filosofia e Artes liberais,Filosofia,,Séneca (Lucius Annaeus Seneca),,,Antiguidade Clássica (V a.C-III),,,Península Itálica,Península Itálica,,Autor,1,,,,,,
AFO028,"Dom Afonso V, Rei",Vários,Tito Lívio,,,Por classificar,,,,História,Historiografia,,Tito Lívio (Titus Livius),,,Antiguidade Clássica (V a.C-III),,,Península Itálica,Península Itálica,,Autor,1,,,,,,
AFO029,"Dom Afonso V, Rei",Vários,Ensinança dos moços fidalgos,,,,,,,,,,"Paulo Vergério, o Velho",,,Baixa Idade Média (XIV-XV),,,,,,Autor,1,,,,,,
AFO030,"Dom Afonso V, Rei",Vários,"Regimento da Casa de Ricardo, senhor do castello Ambrósio",,,,,,,,,,Por classificar,,,Indeterminada,,,,,,Autor,1,,,,,,
AFO031,"Dom Afonso V, Rei",Vários,Regimento de Príncipes,,,,,,,Técnica,Literatura didática,,Gil de Roma,,,Baixa Idade Média (XIV-XV),,,Península Itálica,França,,Autor,1,,,,,,
AFO032,"Dom Afonso V, Rei",Vários,Aristóteles,,,Por classificar,,,,Filosofia e Artes liberais,Filosofia,,Aristóteles,,,Antiguidade Clássica (V a.C-III),,,Grécia,Grécia,,Autor,1,,,,,,
AFO033,"Dom Afonso V, Rei",Vários,Ptolomeu,,,Por classificar,,,,Filosofia e Artes liberais,Astronomia / Astrologia,,Ptolomeu (Claudius Ptolemaeus),,,Antiguidade Clássica (V a.C-II.),,,,,,Autor,1,,,,,,
AFO034,"Dom Afonso V, Rei",Vários,Plínio,,,Por classificar,,,,Filosofia e Artes liberais,Filosofia,,"Plínio, o Antigo (Gaius Plinius Secundus)",,,Antiguidade Clássica (V a.C-II.),,,,,,Autor,1,,,,,,
AFO035,"Dom Afonso V, Rei",Vários,Homero,,,,,,,Poesia,Poesia épica,,Homero (Hóm?ros),,,Época Arcaica (VIII-V aC),,,,,,Autor,1,,,,,,
AFO036,"Dom Afonso V, Rei",Vários,Esidro,,,,,,,,,,Por classificar,,,Indeterminada,,,,,,Autor,1,,,,,,
AFO037,"Dom Afonso V, Rei",Vários,Lucano,,,Farsália (Pharsalia),,,,Poesia,Poesia épica,,Lucano (Marcus Annaeus Lucanus),,,Antiguidade Clássica (V a.C-II.),,,,,,Autor,1,,,,,,
AFO038,"Dom Afonso V, Rei",Vários,Paulo Orósio,,,,,,,,,,Paulo Orósio (Paulo Orosius),,,Antiguidade Tardia (III-VIII),,,,,,Autor,1,,,,,,
AFO039,"Dom Afonso V, Rei",Vários,"Gundofre, ou Gundolfo",,,,,,,,,,"Gundofre, ou Gundolfo",,,,,,,,,Autor,1,,,,,,
AFO040,"Dom Afonso V, Rei",Vários,"Mestre Joăo o Inglęs, ou Duns Scoto",,,,,,,,,,Joăo Duns Escoto (Johannes Duns Scotus),,,Idade Média Central (XI-XIII),,,,,,Autor,1,,,,,,
AFO041,"Dom Afonso V, Rei",Vários,"Pharsalia, canto X",,,Por classificar,,,,Poesia,Poesia épica,,Lucano (Marcus Annaeus Lucanus),,,Antiguidade Clássica (V a.C-II.),,,,,,Autor,1,,,,,,
AFO042,"Dom Afonso V, Rei",Vários,"Hermas, o Pastor",,,,,,,,,,Por classificar,,,Indeterminada,,,,,,Autor,1,,,,,,
AFO043,"Dom Afonso V, Rei",Vários,Pedro Lombardo,,,,,,,Espiritualidade e religiosidade,Teologia,,Pedro Lombardo (Petrus Lombardus),,,Idade Média Central (XI-XIII),,,,,,Autor,1,,,,,,
AFO044,"Dom Afonso V, Rei",Vários,Da hierarquia celestial,,,,,,,,,,Alberto Magno,,,Idade Média Central (XI-XIII),,,Germânia,Germânia,,Autor,1,,,,,,
AFO045,"Dom Afonso V, Rei",Vários,Da Potęncia de Deus,,,,,,,,,,Tomás de Aquino (Thomas Aquinas),,,Idade Média Central (XI-XIII),,,,,,Autor,1,,,,,,
AFO046,"Dom Afonso V, Rei",Vários,Evangelho de S. Lucas,,,,,,,Espiritualidade e religiosidade,Bíblia / Escrituras,,Anónimo (Geral),,,Baixa Idade Média (XIV-XV),,,Desconhecido,Desconhecido,,Autor,1,,,,,,
AFO047,"Dom Afonso V, Rei",Vários,Epístolas de S. Paulo,,,Epístolas Paulinas,,,,Espiritualidade e religiosidade,Bíblia / Escrituras,,Saulo de Tarso (Paulo de Tarso),,,Antiguidade Clássica (V a.C-III),,,,,,Autor,1,,,,,,
AFO048,"Dom Afonso V, Rei",Vários,Jeham de Lanson,,,,,,,,,,Jean de Lançon,,,Baixa Idade Média (XIV-XV),,,,,,Autor,1,,,,,,
AFO049,"Dom Afonso V, Rei",Vários,Amadis de Gaula,,,,,,,Novelas de cavalaria,Matéria da Bretanha,,Por classificar,,,Indeterminada,,,,,,Autor,1,,,,,,
BEA001,Livraria de D. Beatriz,Livro de Receitas e Despesas,"Um missal impresso, velho e roto, com uma funda de azul.",,,Missal,,,,Espiritualidade e religiosidade,Liturgia,,Anónimo (Geral),,,Baixa Idade Média (XIV-XV),,,Desconhecido,Desconhecido,,Autor,1,,,,Mosteiro de Nossa Senhora da Conceiçăo de Beja,,
BEA002,Livraria de D. Beatriz,Livro de Receitas e Despesas,"Um missal manuscrito, que pertencera ao infante D. Joăo, em pergaminho.",,,Missal,,,,Espiritualidade e religiosidade,Liturgia,,Anónimo (Geral),,,Baixa Idade Média (XIV-XV),,,Desconhecido,Desconhecido,,Autor,1,,,,Mosteiro de Nossa Senhora da Conceiçăo de Beja,,
BEA003,Livraria de D. Beatriz,Livro de Receitas e Despesas,"Um missal, manuscrito, em pergaminho, coberto de couro vermelho.",,,Missal,,,,Espiritualidade e religiosidade,Liturgia,,Anónimo (Geral),,,Baixa Idade Média (XIV-XV),,,Desconhecido,Desconhecido,,Autor,1,,,,Mosteiro de Nossa Senhora da Conceiçăo de Beja,,
BEA004,Livraria de D. Beatriz,Livro de Receitas e Despesas,"Um breviário impresso, velho, em papel, coberto de couro preto.",,,Breviário (geral),,,,Espiritualidade e religiosidade,Liturgia,,Anónimo (Geral),,,Baixa Idade Média (XIV-XV),,,Desconhecido,Desconhecido,,Autor,1,,,,Mosteiro de Nossa Senhora da Conceiçăo de Beja,,
BEA005,Livraria de D. Beatriz,Livro de Receitas e Despesas,"Dois livros velhos de canto de órgăo, ambos cobertos de couro vermelho e ouro preto.",,,Antifonário (geral),,,,Espiritualidade e religiosidade,Liturgia,,Anónimo (Geral),,,Baixa Idade Média (XIV-XV),,,Desconhecido,Desconhecido,,Autor,1,,,,[Cf],,
BEA006,Livraria de D. Beatriz,Livro de Receitas e Despesas,"Dois livros velhos de canto de órgăo, ambos cobertos de couro vermelho e ouro preto.",,,Antifonário (geral),,,,Espiritualidade e religiosidade,Liturgia,,Anónimo (Geral),,,Baixa Idade Média (XIV-XV),,,Desconhecido,Desconhecido,,Autor,1,,,,Mosteiro de Nossa Senhora da Conceiçăo de Beja,,
BEA007,Livraria de D. Beatriz,Livro de Receitas e Despesas,Doze cadernos de procissőes pequenos e encadernados.,,,Processionário,,,,Espiritualidade e religiosidade,Liturgia,,Anónimo (Geral),,,Baixa Idade Média (XIV-XV),,,Desconhecido,Desconhecido,,Autor,1,,,,Mosteiro de Nossa Senhora da Conceiçăo de Beja,,
BEA008,Livraria de D. Beatriz,Livro de Receitas e Despesas,Doze cadernos de procissőes pequenos e encadernados.,,,Processionário,,,,Espiritualidade e religiosidade,Liturgia,,Anónimo (Geral),,,Baixa Idade Média (XIV-XV),,,Desconhecido,Desconhecido,,Autor,1,,,,Mosteiro de Nossa Senhora da Conceiçăo de Beja,,
BEA009,Livraria de D. Beatriz,Livro de Receitas e Despesas,Doze cadernos de procissőes pequenos e encadernados.,,,Processionário,,,,Espiritualidade e religiosidade,Liturgia,,Anónimo (Geral),,,Baixa Idade Média (XIV-XV),,,Desconhecido,Desconhecido,,Autor,1,,,,Mosteiro de Nossa Senhora da Conceiçăo de Beja,,
BEA010,Livraria de D. Beatriz,Livro de Receitas e Despesas,Doze cadernos de procissőes pequenos e encadernados.,,,Processionário,,,,Espiritualidade e religiosidade,Liturgia,,Anónimo (Geral),,,Baixa Idade Média (XIV-XV),,,Desconhecido,Desconhecido,,Autor,1,,,,Mosteiro de Nossa Senhora da Conceiçăo de Beja,,
BEA011,Livraria de D. Beatriz,Livro de Receitas e Despesas,Doze cadernos de procissőes pequenos e encadernados.,,,Processionário,,,,Espiritualidade e religiosidade,Liturgia,,Anónimo (Geral),,,Baixa Idade Média (XIV-XV),,,Desconhecido,Desconhecido,,Autor,1,,,,Mosteiro de Nossa Senhora da Conceiçăo de Beja,,
BEA012,Livraria de D. Beatriz,Livro de Receitas e Despesas,Doze cadernos de procissőes pequenos e encadernados.,,,Processionário,,,,Espiritualidade e religiosidade,Liturgia,,Anónimo (Geral),,,Baixa Idade Média (XIV-XV),,,Desconhecido,Desconhecido,,Autor,1,,,,Mosteiro de Nossa Senhora da Conceiçăo de Beja,,
BEA013,Livraria de D. Beatriz,Livro de Receitas e Despesas,Doze cadernos de procissőes pequenos e encadernados.,,,Processionário,,,,Espiritualidade e religiosidade,Liturgia,,Anónimo (Geral),,,Baixa Idade Média (XIV-XV),,,Desconhecido,Desconhecido,,Autor,1,,,,Mosteiro de Nossa Senhora da Conceiçăo de Beja,,
BEA014,Livraria de D. Beatriz,Livro de Receitas e Despesas,Doze cadernos de procissőes pequenos e encadernados.,,,Processionário,,,,Espiritualidade e religiosidade,Liturgia,,Anónimo (Geral),,,Baixa Idade Média (XIV-XV),,,Desconhecido,Desconhecido,,Autor,1,,,,Mosteiro de Nossa Senhora da Conceiçăo de Beja,,
BEA015,Livraria de D. Beatriz,Livro de Receitas e Despesas,Doze cadernos de procissőes pequenos e encadernados.,,,Processionário,,,,Espiritualidade e religiosidade,Liturgia,,Anónimo (Geral),,,Baixa Idade Média (XIV-XV),,,Desconhecido,Desconhecido,,Autor,1,,,,Mosteiro de Nossa Senhora da Conceiçăo de Beja,,
BEA016,Livraria de D. Beatriz,Livro de Receitas e Despesas,Doze cadernos de procissőes pequenos e encadernados.,,,Processionário,,,,Espiritualidade e religiosidade,Liturgia,,Anónimo (Geral),,,Baixa Idade Média (XIV-XV),,,Desconhecido,Desconhecido,,Autor,1,,,,Mosteiro de Nossa Senhora da Conceiçăo de Beja,,
BEA017,Livraria de D. Beatriz,Livro de Receitas e Despesas,Doze cadernos de procissőes pequenos e encadernados.,,,Processionário,,,,Espiritualidade e religiosidade,Liturgia,,Anónimo (Geral),,,Baixa Idade Média (XIV-XV),,,Desconhecido,Desconhecido,,Autor,1,,,,Mosteiro de Nossa Senhora da Conceiçăo de Beja,,
BEA018,Livraria de D. Beatriz,Livro de Receitas e Despesas,Doze cadernos de procissőes pequenos e encadernados.,,,Processionário,,,,Espiritualidade e religiosidade,Liturgia,,Anónimo (Geral),,,Baixa Idade Média (XIV-XV),,,Desconhecido,Desconhecido,,Autor,1,,,,Mosteiro de Nossa Senhora da Conceiçăo de Beja,,
BEA019,Livraria de D. Beatriz,Livro de Receitas e Despesas,"Um livro de canto de órgăo em papel, coberto de couro vermelho.",,,Antifonário (geral),,,,Espiritualidade e religiosidade,Liturgia,,Anónimo (Geral),,,Baixa Idade Média (XIV-XV),,,Desconhecido,Desconhecido,,Autor,1,,,,Mosteiro de Nossa Senhora da Conceiçăo de Beja,,
BEA020,Livraria de D. Beatriz,Livro de Receitas e Despesas,"Um livro de salmos, apontado, de pergaminho, encadernado com couro vermelho e pregos de latăo.",,,Saltério,,,,Espiritualidade e religiosidade,Liturgia,,Anónimo (Geral),,,Baixa Idade Média (XIV-XV),,,Desconhecido,Desconhecido,,Autor,1,,,,Mosteiro de Nossa Senhora da Conceiçăo de Beja,,
BEA021,Livraria de D. Beatriz,Livro de Receitas e Despesas,"Um caderno de pergaminho, apontado, que contém as missas do ofício do anjo.",,,Antifonário (geral),,,,Espiritualidade e religiosidade,Liturgia,,Anónimo (Geral),,,Baixa Idade Média (XIV-XV),,,Desconhecido,Desconhecido,,Autor,1,,,,Mosteiro de Nossa Senhora da Conceiçăo de Beja,,
BEA022,Livraria de D. Beatriz,Livro de Receitas e Despesas,"Um caderno de canto de órgăo da missa de Roma, em papel da marca grande.",,,Antifonário (geral),,,,Espiritualidade e religiosidade,Liturgia,,Anónimo (Geral),,,Baixa Idade Média (XIV-XV),,,Desconhecido,Desconhecido,,Autor,1,,,,Mosteiro de Nossa Senhora da Conceiçăo de Beja,,
BEA023,Livraria de D. Beatriz,Livro de Receitas e Despesas,"Um livro grande, de marca maior (em papel), de canto de órgăo, encadernado em pelo de carneiro.",,,Antifonário (geral),,,,Espiritualidade e religiosidade,Liturgia,,Anónimo (Geral),,,Baixa Idade Média (XIV-XV),,,Desconhecido,Desconhecido,,Autor,1,,,,Mosteiro de Nossa Senhora da Conceiçăo de Beja,,
BEA024,Livraria de D. Beatriz,Livro de Receitas e Despesas,"Um livro grande de canto de órgăo, coberto de couro preto.",,,Antifonário (geral),,,,Espiritualidade e religiosidade,Liturgia,,Anónimo (Geral),,,Baixa Idade Média (XIV-XV),,,Desconhecido,Desconhecido,,Autor,1,,,,Mosteiro de Nossa Senhora da Conceiçăo de Beja,,
BEA025,Livraria de D. Beatriz,Livro de Receitas e Despesas,"Um livro de vésperas, em pergaminho apontado, coberto de couro que já havia sido branco.",,,Livro de Oraçőes (genérico),,,,Espiritualidade e religiosidade,Liturgia,,Anónimo (Geral),,,Baixa Idade Média (XIV-XV),,,Desconhecido,Desconhecido,,Autor,1,,,,Mosteiro de Nossa Senhora da Conceiçăo de Beja,,
BEA026,Livraria de D. Beatriz,Livro de Receitas e Despesas,"Um oficial de missas místico, apontado, de pergaminho, coberto de couro de veado.",,,Antifonário (geral),,,,Espiritualidade e religiosidade,Liturgia,,Anónimo (Geral),,,Baixa Idade Média (XIV-XV),,,Desconhecido,Desconhecido,,Autor,1,,,,Mosteiro de Nossa Senhora da Conceiçăo de Beja,,
BEA027,Livraria de D. Beatriz,Livro de Receitas e Despesas,"Um missal, em pergaminho, manuscrito e iluminado, com uma capa de veludo carmesim, adorada com prata.",,,Missal,,,,Espiritualidade e religiosidade,Liturgia,,Anónimo (Geral),,,Baixa Idade Média (XIV-XV),,,Desconhecido,Desconhecido,,Autor,1,,,,Mosteiro de Nossa Senhora da Conceiçăo de Beja,,
BEA028,Livraria de D. Beatriz,Livro de Receitas e Despesas,Dois livros da Vita Christi.,,,Vida de Cristo (Vita Christi),,,,Espiritualidade e religiosidade,Espiritualidade cristă,,Por classificar,,,Indeterminada,,,,,,Autor,1,,,,[Cf],,
BEA029,Livraria de D. Beatriz,Livro de Receitas e Despesas,Dois livros da Vita Christi.,,,Vida de Cristo (Vita Christi),,,,Espiritualidade e religiosidade,Espiritualidade cristă,,Por classificar,,,Indeterminada,,,,,,Autor,1,,,,Mosteiro de Nossa Senhora da Conceiçăo de Beja,,
BEA030,Livraria de D. Beatriz,Livro de Receitas e Despesas,"Um livro da Contemplaçăo de Nosso Senhor, por Frei Joăo Boaventura, manuscrito.",,,Meditaçőes sobre a Vida de Cristo,,,,Espiritualidade e religiosidade,Espiritualidade cristă,,Ps. Boaventura,,,Idade Média Central (XI-XIII),,,,,,Autor,1,,,,Mosteiro de Nossa Senhora da Conceiçăo de Beja,,
BEA031,Livraria de D. Beatriz,Livro de Receitas e Despesas,Um Genesy Alfonse.,,,Por classificar,,,,História,Historiografia,,Por classificar,,,Indeterminada,,,,,,Autor,1,,,,Mosteiro de Santo António de Beja,,
BEA032,Livraria de D. Beatriz,Livro de Receitas e Despesas,Um livro Vida Angélica.,,,Vida Angelica,,,,Espiritualidade e religiosidade,Espiritualidade cristă,,Por classificar,,,Indeterminada,,,,,,Autor,1,,,,Mosteiro de Santo António de Beja,,
BEA033,Livraria de D. Beatriz,Livro de Receitas e Despesas,Um livro manuscrito e encadernado com couro roxo.,,,Indeterminada,,,,Desconhecida,Desconhecido,Alquimia e filosofia natural,Anónimo (Geral),,,Baixa Idade Média (XIV-XV),,,Desconhecido,Desconhecido,,Autor,1,,,,Mosteiro de Santo António de Beja,,
BEA034,Livraria de D. Beatriz,Livro de Receitas e Despesas,Um livro da Corte Imperial.,,,Livro da Corte Imperial,,,,Espiritualidade e religiosidade,Espiritualidade cristă,,Anónimo (Geral),,,Baixa Idade Média (XIV-XV),,,Desconhecido,Desconhecido,,Autor,1,,,,Mosteiro de Santo António de Beja,,
BEA035,Livraria de D. Beatriz,Livro de Receitas e Despesas,"Um Sacramental, impresso.",,,Sacramental (geral),,,,Espiritualidade e religiosidade,Liturgia,,Anónimo (Geral),,,Baixa Idade Média (XIV-XV),,,Desconhecido,Desconhecido,,Autor,1,,,,Mosteiro de Santo António de Beja,,
BEA036,Livraria de D. Beatriz,Livro de Receitas e Despesas,"Um Catecismo, impresso em portuguęs.",,,Livro catequético (geral),,,,Espiritualidade e religiosidade,Liturgia,,Anónimo (Geral),,,Baixa Idade Média (XIV-XV),,,Desconhecido,Desconhecido,,Autor,1,,,,Mosteiro de Santo António de Beja,,
BEA037,Livraria de D. Beatriz,Livro de Receitas e Despesas,Um livro das Penas do inferno e da glória final.,,,Penitencial (geral),,,,Espiritualidade e religiosidade,Espiritualidade cristă,,Anónimo (Geral),,,Baixa Idade Média (XIV-XV),,,Desconhecido,Desconhecido,,Autor,1,,,,Mosteiro de Santo António de Beja,,
BEA038,Livraria de D. Beatriz,Livro de Receitas e Despesas,"Um breviário de pergaminho, manuscrito, com tecido e brochas de prata, com as divisas da infanta D. Beatriz, com uma funda.",,,Breviário (geral),,,,Espiritualidade e religiosidade,Liturgia,,Anónimo (Geral),,,Baixa Idade Média (XIV-XV),,,Desconhecido,Desconhecido,,Autor,1,,,,[Cf],,
BEA039,Livraria de D. Beatriz,Livro de Receitas e Despesas,"Livro de rezar (livro de horas) iluminado, coberto com uma funda de chamalote verde, com brochas de para esmaltadas a ouro e uma cruz de Cristo no meio.",,,Livro de Oraçőes (genérico),,,,Espiritualidade e religiosidade,Liturgia,,Anónimo (Geral),,,Baixa Idade Média (XIV-XV),,,Desconhecido,Desconhecido,,Autor,1,,,,D. Manuel I,,
BEA040,Livraria de D. Beatriz,Livro de Receitas e Despesas,"Um livro Diurnal, impresso, coberto de veludo preto, com doze chapas de ouro esmaltado.",,,Breviário (geral),,,,Espiritualidade e religiosidade,Liturgia,,Anónimo (Geral),,,Baixa Idade Média (XIV-XV),,,Desconhecido,Desconhecido,,Autor,1,,,,D. Manuel I,,
BEA041,Livraria de D. Beatriz,Livro de Receitas e Despesas,"Um breviário, manuscrito, iluminado e rico, com chapas e brochas de prata e ouro.",,,Breviário (geral),,,,Espiritualidade e religiosidade,Liturgia,,Anónimo (Geral),,,Baixa Idade Média (XIV-XV),,,Desconhecido,Desconhecido,,Autor,1,,,,D. Manuel I,,
BEA042,Livraria de D. Beatriz,Livro de Receitas e Despesas,Um Flos Santorum,,,Lenda Dourada (Legenda Aurea),,,,Espiritualidade e religiosidade,Hagiografia,,Tiago de Voragine (Jacobus de Voragine),,,Idade Média Central (XI-XIII),,,,,,Autor,1,,,,Mosteiro de Santo António de Beja,,
BEA043,Livraria de D. Beatriz,Livro de Receitas e Despesas,"Confessional, impresso, coberto de baldréu vermelho.",,,Sacramental (geral),,,,Espiritualidade e religiosidade,Liturgia,,Anónimo (Geral),,,Baixa Idade Média (XIV-XV),,,Desconhecido,Desconhecido,,Autor,1,,,,Mosteiro de Santo António de Beja,,
DUA001,"Dom Duarte, Rei",Diário,Pontifical,,,Pontifical (Liber Pontificalis),,,,História,Historiografia,Renascimento carolíngio,"Anastácio, o Bibliotecário (Anastasius Bibliothecarius)",Indisputada,,Alta Idade Média (IX-X),,,Península Itálica,Península Itálica,,Autor,1,,,,,Latim,Latim
DUA002,"Dom Duarte, Rei",Diário,"Marco Paulo, latim e linguagem, em 1 volume",,,Livro de Marco Polo,,,,Técnica,Viagens,Literatura de viagens,Marco Polo,,,Idade Média Central (XI-XIII),,,Península Itálica,Extremo Oriente,,Autor,1,,,,,Latim,Latim
DUA003,"Dom Duarte, Rei",Diário,Viático,,,Viático,,,,Médica,Medicina,Medicina islâmica,"Constantino, o Africano",,,Idade Média Central (XI-XIII),,,Desconhecido,Península Itálica,,,1,,,,,Latim,Latim
DUA004,"Dom Duarte, Rei",Diário,Collaçőes que escreveu Joăo Rodrigues,,,Colaçőes dos Padres (Collationes Patrum),,,,Espiritualidade e religiosidade,Espiritualidade cristă,Monaquismo oriental primitivo,Joăo Cassiano (Johannes Cassianus),,,Antiguidade Tardia (III-VIII),,,Europa de Leste,"Norte de África, Próximo Orient",,,1,,,,,Latim,Latim
DUA005,"Dom Duarte, Rei",Diário,Miracula Sanctorum,,,Indeterminada,,"""Lenda Dourada"", de Tiago de Voragine",,Espiritualidade e religiosidade,Hagiografia,Alquimia e filosofia natural,Desconhecido (Geral),Possível,,Indeterminada,,,Desconhecido,Desconhecido,,,1,,,,,Latim,Latim
DUA006,"Dom Duarte, Rei",Diário,Blivia,,,Bíblia [Completa],,,,Espiritualidade e religiosidade,Bíblia / Escrituras,,Anónimo (Antiguidade Clássica),Indisputada,,Antiguidade Clássica (V a.C-III),,,Desconhecido,Desconhecido,,Autor,1,,,,,Latim,Latim
DUA007,"Dom Duarte, Rei",Diário,Breviairo,,,Breviário (geral),,,,Espiritualidade e religiosidade,Liturgia,,Anónimo (Geral),,,Baixa Idade Média (XIV-XV),,,Desconhecido,Desconhecido,,,1,,,,,Latim,Latim
DUA008,"Dom Duarte, Rei",Diário,Collaçőes que foram do Arçobispo de Sam Thiago,,,Colaçőes dos Padres (Collationes Patrum),,,,Espiritualidade e religiosidade,Espiritualidade cristă,Monaquismo oriental primitivo,Joăo Cassiano (Johannes Cassianus),,,Antiguidade Tardia (III-VIII),,,Europa de Leste,"Norte de África, Próximo Orient",,,1,,,,,Latim,Latim
DUA009,"Dom Duarte, Rei",Diário,Dialectica de Aristoteles,,,Tópicos (Topika),,,,Filosofia e Artes liberais,Lógica,Retórica grega clássica,Aristóteles,Indisputada,,Antiguidade Clássica (V a.C-III),,,Grécia,Grécia,,,1,,,,,Latim,Latim
DUA010,"Dom Duarte, Rei",Diário,Dialectica de Avicena (Liber de Syllogismo et Demonstratione),,,Sobre a Lógica,,,,Filosofia e Artes liberais,Lógica,Filosofia islâmica,Avicena (Ibn-Sina),Indisputada,,Idade Média Central (XI-XIII),,,Ásia Central,Ásia Central,,,1,,,,,Latim,Latim
DUA011,"Dom Duarte, Rei",Diário,Valerio Maximo,,,Feitos e ditos memoráveis (Facta et Dicta Memorabilia),,,,Moralidades,Contos morais e exemplares,Ética e moral romana,Valério Máximo (Gaius Valerius Maximus),Indisputada,,Antiguidade Clássica (V a.C-III),,,Desconhecido,Desconhecido,,,1,,,,,Latim,Latim
DUA012,"Dom Duarte, Rei",Diário,Epistolas de Seneca com outros Tratados,,,Epístolas a Lucílio (Epistulae Morales ad Lucilium),,,,Filosofia e Artes liberais,Filosofia,Ética e moral romana,Séneca (Lucius Annaeus Seneca),Indisputada,,Antiguidade Clássica (V a.C-III),,,Península Itálica,Península Itálica,,,1,,,,,Latim,Latim
DUA013,"Dom Duarte, Rei",Diário,Regimento de príncipes picado de ouro nas tavoas e as cobertoiras vermelhas,,,Regimento de Príncipes,,,,Técnica,Literatura didática,Ética cavaleiresca,Gil de Roma,,,Baixa Idade Média (XIV-XV),,,Península Itálica,França,,,1,,,,,Por classificar,Por classificar
DUA014,"Dom Duarte, Rei",Diário,Pastoral de letra antiga,,,Pastoral,,,,Espiritualidade e religiosidade,Espiritualidade cristă,Pastoral cristă,"Gregório I, Papa",,,Antiguidade Tardia (III-VIII),,,Península Itálica,Península Itálica,,,1,,,,,Por classificar,Por classificar
DUA015,"Dom Duarte, Rei",Diário,Declaraçam sobre as Epistolas de Seneca,,,Comentários ŕs Epístolas de Séneca,,Contam-se entre os diversos comentadores medievais,,Filosofia e Artes liberais,Filosofia,,Anónimo (Geral),,,Baixa Idade Média (XIV-XV),,,Desconhecido,Desconhecido,,,1,,,,,Por classificar,Por classificar
DUA016,"Dom Duarte, Rei",Diário,Agricultura que foi de Joăo Pereira,,,Sobre a Agricultura (De re rustica),,,,Técnica,Agricultura,Agronomia romana,Columela (Lucius Junius Moderatus Columella),Indisputada,,Antiguidade Clássica (V a.C-III),,,Península Ibérica,Península Itálica,,Autor,1,,,,,Por classificar,Por classificar
DUA017,"Dom Duarte, Rei",Diário,Livro da Quinta Essentia,,,Livro da Quinta Essęncia,,,,Técnica,Alquimia,Alquimia e filosofia natural,Raimundo Lúlio (Ramon Llull),,,Idade Média Central (XI-XIII),,,Península Ibérica (Catalunha),Península Ibérica (Catalunha),,,1,,,,,Por classificar,Por classificar
DUA018,"Dom Duarte, Rei",Diário,Hum livro pequeno que começa: Si cupis esse memor,,,Indeterminada,,,,Filosofia e Artes liberais,Filosofia,Alquimia e filosofia natural,Raimundo Lúlio (Ramon Llull),,,Idade Média Central (XI-XIII),,,Península Ibérica (Catalunha),Península Ibérica (Catalunha),,,1,,,,,Por classificar,Por classificar
DUA019,"Dom Duarte, Rei",Diário,"Outro dito livro pequeno, que começa: Domino meo illustri potenti domino comite Nicolao de Petraldo",,,Indeterminada,,,,Desconhecida,Desconhecido,Alquimia e filosofia natural,Anónimo (Geral),,,Baixa Idade Média (XIV-XV),,,Desconhecido,Desconhecido,,,1,,,,,Por classificar,Por classificar
DUA020,"Dom Duarte, Rei",Diário,Os Cadernos da Confissăo que escreveu Joăo Calado,,,Por classificar,,,,Espiritualidade e religiosidade,Liturgia,,Anónimo (Geral),,,Baixa Idade Média (XIV-XV),,,Desconhecido,Desconhecido,,,1,,,,,Por classificar,Por classificar
DUA021,"Dom Duarte, Rei",Diário,Livro dos Evangelhos,,,Evangeliário,,,,Espiritualidade e religiosidade,Bíblia / Escrituras,,Anónimo (Antiguidade Clássica),Indisputada,,Antiguidade Clássica (V a.C-III),,,Desconhecido,Desconhecido,,,1,,,,,,
DUA022,"Dom Duarte, Rei",Diário,Actos dos Apostolos,,,Atos dos Apóstolos,,,,Espiritualidade e religiosidade,Bíblia / Escrituras,Cristianismo primitivo,"Lucas, o Evangelista",Indisputada,,Antiguidade Clássica (V a.C-III),,,Próximo Oriente,Próximo Oriente,,,1,,,,,,
DUA023,"Dom Duarte, Rei",Diário,Genesy,,,Genealogia dos Deuses dos Pagăos (Genealogia deorum gentilium),,,,Outra,Mitologia,Mitologia clássica,Giovanni Bocácio,Indisputada,,Baixa Idade Média (XIV-XV),,,Península Itálica,Península Itálica,,,1,,,,,,
DUA024,"Dom Duarte, Rei",Diário,Estoria Geral,,,Historia Geral de Espanha,,,,História,Historiografia,,Anónimo (Geral),,,Baixa Idade Média (XIV-XV),,,Desconhecido,Desconhecido,,,1,,,,,,
DUA025,"Dom Duarte, Rei",Diário,"O Livro de Salomăo coberto de bezerro; provavelmente a Clavicula, atribuída ao rei Salomăo",,,Clavícula (Clavicula Salomonis),,,,Técnica,Alquimia,Alquimia e filosofia natural,Ps. Salomăo,,,Baixa Idade Média (XIV-XV),,,Desconhecido,Desconhecido,,,1,,,,,,
DUA026,"Dom Duarte, Rei",Diário,Coronica de Espanha,,,Historia Geral de Espanha,,,,História,Historiografia,,Anónimo (Geral),,,Baixa Idade Média (XIV-XV),,,Desconhecido,Desconhecido,,,1,,,,,,
DUA027,"Dom Duarte, Rei",Diário,Coronica de Portugal,,,Crónica de Portugal,,,,História,Cronística,,Anónimo (Geral),,,Baixa Idade Média (XIV-XV),,,Desconhecido,Desconhecido,,,1,,,,,,
DUA028,"Dom Duarte, Rei",Diário,Livro dos Martyres,,,Martirológio,,,,Espiritualidade e religiosidade,Hagiografia,,Anónimo (Geral),,,Baixa Idade Média (XIV-XV),,,Desconhecido,Desconhecido,,,1,,,,,,
DUA029,"Dom Duarte, Rei",Diário,Livro de Tristam,,,Livro de Tristăo,,,,Novelas de cavalaria,Matéria da Bretanha,Novelas de cavalaria,Luc du Gast,,,Idade Média Central (XI-XIII),,,França,França,,,1,,,,,,
DUA030,"Dom Duarte, Rei",Diário,O Amante,,,O Amante,,,,Moralidades,Contos morais e exemplares,Poesia lírica inglesa,John Gower,,,Baixa Idade Média (XIV-XV),,,Ilhas Britânicas,Ilhas Britânicas,,,1,,,,,,
DUA031,"Dom Duarte, Rei",Diário,Blivia,,,Bíblia [Completa],,,,Espiritualidade e religiosidade,Bíblia / Escrituras,,Anónimo (Antiguidade Clássica),Indisputada,,Antiguidade Clássica (V a.C-III),,,Desconhecido,Desconhecido,,Autor,1,,,,,,
DUA032,"Dom Duarte, Rei",Diário,Livro da Montaria que compilou o vitorioso Rei Dom Joăo ao qual Deus dę eternal gloria,,,Livro de Montaria,,,,Técnica,Cinegética,Prática cavaleiresca,"Joăo I (D.), rei de Portugal",,,Baixa Idade Média (XIV-XV),,,Península Ibérica (Portugal),Península Ibérica (Portugal),,,1,,,,,,
DUA033,"Dom Duarte, Rei",Diário,Merli,,,Livro de Merlim,,,,Novelas de cavalaria,Matéria da Bretanha,,Anónimo (Idade Média Central),,,Idade Média Central (XI-XIII),,,Desconhecido,Desconhecido,,,1,,,,,,
DUA034,"Dom Duarte, Rei",Diário,Regimento de Principes,,,Regimento de Príncipes,,,,Técnica,Literatura didática,Ética cavaleiresca,Gil de Roma,,,Baixa Idade Média (XIV-XV),,,Península Itálica,França,,,1,,,,,,
DUA035,"Dom Duarte, Rei",Diário,Segredos de Aristotiles,,,Livro dos Segredos (Secretum Secretorum),,,,Técnica,Literatura didática,Alquimia e filosofia natural,Ps. Aristóteles,Indisputada,,Idade Média Central (XI-XIII),,,Desconhecido,Desconhecido,,,1,,,,,,
DUA036,"Dom Duarte, Rei",Diário,O Livro de Galaaz,,,Livro de Galaad,,,,Novelas de cavalaria,Matéria da Bretanha,,Anónimo (Idade Média Central),,,Idade Média Central (XI-XIII),,,Desconhecido,Desconhecido,,,1,,,,,Castelhano,Vernacular
DUA037,"Dom Duarte, Rei",Diário,O Livro da Cetraria por Castellăo,,,Livro de Cetraria,,,,Técnica,Cinegética,,Anónimo (Geral),,,Baixa Idade Média (XIV-XV),,,Desconhecido,Desconhecido,,,1,,,,,,
DUA038,"Dom Duarte, Rei",Diário,O Livro das Trovas de El-Rei Dom Diniz,,,Livro das Trovas de D. Dinis,,,,Poesia,Poesia lírica,Poesia lírica ibérica,"Dinis (D.), Rei de Portugal",,,Idade Média Central (XI-XIII),,,Península Ibérica (Portugal),Península Ibérica (Portugal),,,1,,,,,,
DUA039,"Dom Duarte, Rei",Diário,Livro da Corte Imperial,,,Livro da Corte Imperial,,,,Espiritualidade e religiosidade,Espiritualidade cristă,,Anónimo (Geral),,,Baixa Idade Média (XIV-XV),,,Desconhecido,Desconhecido,,,1,,,,,,
DUA040,"Dom Duarte, Rei",Diário,Livro da Lepra encadernado em purgaminho,,,Sobre a Lepra,,,,Médica,Medicina,,Anónimo (Geral),,,Baixa Idade Média (XIV-XV),,,Desconhecido,Desconhecido,,,1,,,,,,
DUA041,"Dom Duarte, Rei",Diário,Livro de Logica,,,Sobre a Lógica,,,,Filosofia e Artes liberais,Lógica,Filosofia islâmica,Desconhecido (Geral),,,Indeterminada,,,Desconhecido,Desconhecido,,,1,,,,,,
DUA042,"Dom Duarte, Rei",Diário,Livro das Pregaçőes,,,Livro das Pregaçőes,,,,Espiritualidade e religiosidade,Homilética,,Anónimo (Geral),,,Baixa Idade Média (XIV-XV),,,Desconhecido,Desconhecido,,,1,,,,,,
DUA043,"Dom Duarte, Rei",Diário,"Libro das Meditaçőes de Santo Agostinho, e das Confissőes",,,Meditaçőes,,,,Espiritualidade e religiosidade,Teologia,Primeira patrística ocidental,Agostinho de Hipona (Augustinus),,,Antiguidade Tardia (III-VIII),,,Norte de África,Norte de África,,,1,,,,,,
DUA044,"Dom Duarte, Rei",Diário,"Caderno das Commemoraçőes, em letra grosa",,,Por classificar,,,,Espiritualidade e religiosidade,Liturgia,,Anónimo (Geral),,,Baixa Idade Média (XIV-XV),,,Desconhecido,Desconhecido,,,1,,,,,,
DUA045,"Dom Duarte, Rei",Diário,Livro das Oras do Espirito Santo encadernado em letra grosa coberto de coiro verde,,,Livro de Horas do Espírito Santo,,,,Espiritualidade e religiosidade,Liturgia,,Anónimo (Geral),,,Baixa Idade Média (XIV-XV),,,Desconhecido,Desconhecido,,,1,,,,,,
DUA046,"Dom Duarte, Rei",Diário,Cadernos das cidades e villas de Portugal,,,Cidades e villas de Portugal,,,,Filosofia e Artes liberais,Geografia,,Anónimo (Geral),,,Baixa Idade Média (XIV-XV),,,Desconhecido,Desconhecido,,,1,,,,,,
DUA047,"Dom Duarte, Rei",Diário,Livro da Virtuosa Bemfeitoria,,,Livro da Virtuosa Bemfeitoria,,,,Técnica,Literatura didática,Ética cavaleiresca,"Pedro  (D.), Duque de Coimbra",,,Baixa Idade Média (XIV-XV),,,Península Ibérica (Portugal),Península Ibérica (Portugal),,,1,,,,,,
DUA048,"Dom Duarte, Rei",Diário,Livro das Ordenaçőes dos Reis,,,Ordenaçőes régias,,,,Jurídica,Direito,Ordenamento jurídico ibérico,"Duarte (D.), Rei de Portugal",,,Baixa Idade Média (XIV-XV),,,Península Ibérica (Portugal),Península Ibérica (Portugal),,,1,,,,,,
DUA049,"Dom Duarte, Rei",Diário,Livro dos Officios da casa de algum rei,,,Livro de Ofícios dos Reis,,,,Desconhecida,Desconhecido,,Anónimo (Geral),,,Baixa Idade Média (XIV-XV),,,Desconhecido,Desconhecido,,,1,,,,,,
DUA050,"Dom Duarte, Rei",Diário,Bartolo com tavoas e coiro verde,,,[Livro de] Bártolo,,,,Jurídica,Direito,Direito romano,Bártolo de Saxoferrato,,,Baixa Idade Média (XIV-XV),,,Península Itálica,Península Itálica,,,1,,,,,,
DUA051,"Dom Duarte, Rei",Diário,"Marco Tullio, o qual tirou em linguagem o Infante D. Pedro",,,Sobre os ofícios (De Officiis),,,,Filosofia e Artes liberais,Filosofia,Ética e moral romana,Marco Túlio Cícero (Marcus Tullius Cicero),Indisputada,,Antiguidade Clássica (V a.C-III),,,Península Itálica,Península Itálica,,,1,,,,,,
DUA052,"Dom Duarte, Rei",Diário,Livro da Guerra,,,Sobre a Guerra,,,,Técnica,Ética cavaleiresca,Estratégia militar romana,Vegécio (Publius Flavius Vegetius Renatus),,,Antiguidade Tardia (III-VIII),,,Desconhecido,Desconhecido,,,1,,,,,,
DUA053,"Dom Duarte, Rei",Diário,O Livro do Conde de Lucanor,,,Livro do Conde de Lucanor,,,,Moralidades,Contos morais e exemplares,Prosa moral,Juan Manuel,,,Baixa Idade Média (XIV-XV),,,Península Ibérica (Castela),Península Ibérica (Castela),,,1,,,,,,
DUA054,"Dom Duarte, Rei",Diário,Julio Cesar,,,Júlio César (Divus Julius),,,,História,Historiografia,Historiografia romana,Suetónio (Gaius Suetonius Tranquillus),Indisputada,,Antiguidade Clássica (V a.C-III),,,Norte de África,Península Itálica,,,1,,,,,,
DUA055,"Dom Duarte, Rei",Diário,Coronica despanha em cadernos,,,Historia Geral de Espanha,,,,História,Cronística,,Anónimo (Geral),,,Baixa Idade Média (XIV-XV),,,Desconhecido,Desconhecido,,,1,,,,,,
DUA056,"Dom Duarte, Rei",Diário,Bartolo em cadernos encadernado em purgaminho,,,[Livro de] Bártolo,,,,Jurídica,Direito,Direito romano,Bártolo de Saxoferrato,,,Baixa Idade Média (XIV-XV),,,Península Itálica,Península Itálica,,,1,,,,,,
DUA057,"Dom Duarte, Rei",Diário,Conquista de Ultramar,,,Conquista do Ultramar,,,,História,Historiografia,Historiografia romana,Guilherme de Tiro,,,Idade Média Central (XI-XIII),,,França,Próximo Oriente,,,1,,,,,,
DUA058,"Dom Duarte, Rei",Diário,"Livro da Cetraria, que foi d'El-Rei Dom Joăo",,,Livro de Cetraria,,,,Técnica,Cinegética,,Anónimo (Geral),,,Baixa Idade Média (XIV-XV),,,Desconhecido,Desconhecido,,,1,,,,,,
DUA059,"Dom Duarte, Rei",Diário,Orto do Sposo,,,Orto do Esposo,,,,Espiritualidade e religiosidade,Espiritualidade cristă,,Anónimo (Baixa Idade Média),,,Baixa Idade Média (XIV-XV),,,Desconhecido,Desconhecido,,,1,,,,,,
DUA060,"Dom Duarte, Rei",Diário,"Agricultura, que foi d'el-rei Dom Joăo",,,Sobre a Agricultura (De re rustica),,,,Técnica,Agricultura,Agronomia romana,Columela (Lucius Junius Moderatus Columella),Indisputada,,Antiguidade Clássica (V a.C-III),,,Península Ibérica,Península Itálica,,Autor,1,,,,,,
DUA061,"Dom Duarte, Rei",Diário,Arvore das batalhas,,,Arvore das Batalhas,,,,Técnica,Ética cavaleiresca,Ética cavaleiresca,Honoré Bonnet,,,Idade Média Central (XI-XIII),,,França,França,,,1,,,,,,
DUA062,"Dom Duarte, Rei",Diário,Marco Tulio,,,Sobre o Orador (De Oratore),,,,Filosofia e Artes liberais,Retórica,Ética e moral romana,Marco Túlio Cícero (Marcus Tullius Cicero),Indisputada,,Antiguidade Clássica (V a.C-III),,,Península Itálica,Península Itálica,,,1,,,,,,
DUA063,"Dom Duarte, Rei",Diário,"Livro das Trovas d'El-Rei Dom Affonso, encadernado em couro, o qual compilou F. de Montemór o Novo",,,Livro das Trovas de Afonso X,,,,Poesia,Poesia lírica,Poesia lírica ibérica,"Afonso X (D.), Rei de Castela",,,Idade Média Central (XI-XIII),,,Península Ibérica (Castela),Península Ibérica (Castela),,,1,,,,,,
DUA064,"Dom Duarte, Rei",Diário,Valério Maximo em aragoęs,,,Feitos e ditos memoráveis (Facta et Dicta Memorabilia),,,,Moralidades,Contos morais e exemplares,Ética e moral romana,Valério Máximo (Gaius Valerius Maximus),Indisputada,,Antiguidade Clássica (V a.C-III),,,Desconhecido,Desconhecido,,,1,,,,,,
DUA065,"Dom Duarte, Rei",Diário,Guerras da Macedonia em papel de marca grande,,,Desde a Fundaçăo da Cidade (Ab Urbe Condita),,,,História,Historiografia,Historiografia romana,Tito Lívio (Titus Livius),Indisputada,,Antiguidade Clássica (V a.C-III),,,Península Itálica,Península Itálica,,,1,,,,,,
DUA066,"Dom Duarte, Rei",Diário,"O Livro de Romaqueya, em papel",,,Livro de Romaquia,,,,Moralidades,Contos morais e exemplares,,Anónimo (Geral),,,Baixa Idade Média (XIV-XV),,,Desconhecido,Desconhecido,,,1,,,,,,
DUA067,"Dom Duarte, Rei",Diário,Capitulos que El-Rei Dom Duarte fez quando em boa hora foi Rei,,,Ordenaçőes eduardinas,,,,Jurídica,Direito,Ordenamento jurídico ibérico,"Duarte (D.), Rei de Portugal",,,Baixa Idade Média (XIV-XV),,,Península Ibérica (Portugal),Península Ibérica (Portugal),,,1,,,,,,
DUA068,"Dom Duarte, Rei",Diário,"Livro de Monteria, por castellăo",,,Por classificar,,,,Técnica,Cinegética,,Anónimo (Geral),,,Baixa Idade Média (XIV-XV),,,Desconhecido,Desconhecido,,,1,,,,,,
DUA069,"Dom Duarte, Rei",Diário,Livro de papel velho encadernado em purgaminho que fala dos costumes dos homens e outras cousas,,,Livro dos Costumes dos Homens e Outras Coisas,,,,Desconhecida,Desconhecido,,Anónimo (Geral),,,Baixa Idade Média (XIV-XV),,,Desconhecido,Desconhecido,,,1,,,,,,
DUA070,"Dom Duarte, Rei",Diário,O Arcypreste de Fysa,,,Libro de Buen Amor,,,,Moralidades,Contos morais e exemplares,Prosa moral,Juan Ruiz,,,Baixa Idade Média (XIV-XV),,,Península Ibérica (Castela),Península Ibérica (Castela),,,1,,,,,,
DUA071,"Dom Duarte, Rei",Diário,Libro de Anibal por portuguez,,,[Livro de] Aníbal,,,,História,Historiografia,,Desconhecido (Antiguidade Clássica),Dubitativa,,Antiguidade Clássica (V a.C-III),,,Desconhecido,Desconhecido,,,1,,,,,,
DUA072,"Dom Duarte, Rei",Diário,Livro de Monteria,,,Por classificar,,,,Técnica,Cinegética,,Anónimo (Geral),,,Baixa Idade Média (XIV-XV),,,Desconhecido,Desconhecido,,,1,,,,,,
DUA073,"Dom Duarte, Rei",Diário,Um livro das Meditaçőes de Santo Agustinho que treladou o moço da Camara,,,Meditaçőes,,,,Espiritualidade e religiosidade,Espiritualidade cristă,,Ps. Agostinho de Hipona,,,Baixa Idade Média (XIV-XV),,,Desconhecido,Desconhecido,,,1,,,,,,
DUA074,"Dom Duarte, Rei",Diário,Estoria de Troya por aragoez,,,História Troiana,,,,Novelas de cavalaria,Matéria da Bretanha,Novelas de cavalaria,Guido de Colonna,,,Idade Média Central (XI-XIII),,,Península Itálica,Península Itálica,,,1,,,,,,
DUA075,"Dom Duarte, Rei",Diário,Livro de Rumeliăo,,,Livro de Rumeliăo,,,,Desconhecida,Desconhecido,,Anónimo (Geral),,,Baixa Idade Média (XIV-XV),,,Desconhecido,Desconhecido,,,1,,,,,,
DUA076,"Dom Duarte, Rei",Diário,Livro de Estrologia encadernado e coberto de coiro preto,,,Sobre a Astrologia,,,,Filosofia e Artes liberais,Astronomia / Astrologia,,Anónimo (Geral),,,Baixa Idade Média (XIV-XV),,,Desconhecido,Desconhecido,,,1,,,,,,
DUA077,"Dom Duarte, Rei",Diário,Livro de resar d'el-Rei em que está a Confissăo geral,,,Livro de Oraçőes [com o Sacramento da Confissăo Geral],,,,Espiritualidade e religiosidade,Liturgia,,Anónimo (Geral),,,Baixa Idade Média (XIV-XV),,,Desconhecido,Desconhecido,,,1,,,,,,
DUA078,"Dom Duarte, Rei",Diário,Livros das Trovas de El-rei,,,Livro das Trovas de D. Duarte,,,,Poesia,Poesia lírica,Ordenamento jurídico ibérico,"Duarte (D.), Rei de Portugal",,,Baixa Idade Média (XIV-XV),,,Península Ibérica (Portugal),Península Ibérica (Portugal),,,1,,,,,,
DUA079,"Dom Duarte, Rei",Diário,Livro dos Padres Santos em papel de marca mayor que foi de Joăo Pereira,,,Por classificar,,,,Espiritualidade e religiosidade,Hagiografia,,Desconhecido (Geral),,,Indeterminada,,,Desconhecido,Desconhecido,,,1,,,,,,
DUA080,"Dom Duarte, Rei",Diário,Livro da Primeira Partida,,,Livro da Primeira Partida,,,,Jurídica,Direito,Poesia lírica ibérica,"Afonso X (D.), Rei de Castela",,,Idade Média Central (XI-XIII),,,Península Ibérica (Castela),Península Ibérica (Castela),,,1,,,,,,
DUA081,"Dom Duarte, Rei",Diário,Dous livros de Martim Pires,,,Livro de Martim Perez,,,,Espiritualidade e religiosidade,Liturgia,Ascetismo cristăo,Martin Perez,,,Baixa Idade Média (XIV-XV),,,Península Ibérica,Península Ibérica,,,2,,,,,,
DUA082,"Dom Duarte, Rei",Diário,Collaçőes de letra pequena,,,Colaçőes dos Padres (Collationes Patrum),,,,Espiritualidade e religiosidade,Espiritualidade cristă,Monaquismo oriental primitivo,Joăo Cassiano (Johannes Cassianus),,,Antiguidade Tardia (III-VIII),,,Europa de Leste,"Norte de África, Próximo Orient",,,1,,,,,,
DUA083,"Dom Duarte, Rei",Diário,"Livro de cavalgar, que el-rei D. Duarte compilou",,,Livro da Ensinança da Arte de Bem Montar toda a Sela,,,,Técnica,Equitaçăo,Ordenamento jurídico ibérico,"Duarte (D.), Rei de Portugal",,,Baixa Idade Média (XIV-XV),,,Península Ibérica (Portugal),Península Ibérica (Portugal),,,1,,,,,,
DUA084,"Dom Duarte, Rei",Diário,Tratado de Virtud,,,Memorial das Virtudes (Memoriale virtutum),,,,Filosofia e Artes liberais,Filosofia,Ética cristăl,Afonso de Santa Maria (também Afonso de Cartagena),,,Baixa Idade Média (XIV-XV),,,Península Ibérica (Castela),Península Ibérica (Castela),,Autor,,,,,,,
FER001,"Dom Fernando, Infante Santo",Testamento,Missal,,,Missal,,,,Por classificar,Por classificar,,Anónimo (Geral),,,Baixa Idade Média (XIV-XV),,,Desconhecido,Desconhecido,,,1,,,,,Por classificar,Por classificar
FER002,"Dom Fernando, Infante Santo",Testamento,Bíblia,,,Bíblia [Completa],,,,Por classificar,Por classificar,,Anónimo (Antiguidade Clássica),,,Antiguidade Clássica (V a.C-III),,,Desconhecido,Desconhecido,,Autor,1,,,,,Por classificar,Por classificar
FER003,"Dom Fernando, Infante Santo",Testamento,Lenda Dourada,,,Lenda Dourada (Legenda Aurea),,,,Espiritualidade e religiosidade,Hagiografia,,Tiago de Voragine (Jacobus de Voragine),,,Idade Média Central (XI-XIII),,,,,,,1,,,,,Por classificar,Por classificar
FER004,"Dom Fernando, Infante Santo",Testamento,huum livro de preegaçőes de frey Vicente per linguagem,,,Livro de Oraçőes (genérico),,,,Por classificar,Por classificar,,Anónimo (Geral),,,Baixa Idade Média (XIV-XV),,,Desconhecido,Desconhecido,,,1,,,,,Por classificar,Por classificar
FER005,"Dom Fernando, Infante Santo",Testamento,huum livro que chamam Crimaco,,,Escada Espiritual,,,,Por classificar,Por classificar,,Joăo Clímaco,,,Antiguidade Tardia (III-VIII),,,,,,,1,,,,,Por classificar,Por classificar
FER006,"Dom Fernando, Infante Santo",Testamento,huum Evangeliorum,,,Evangeliário,,,,Por classificar,Por classificar,,Anónimo (Geral),,,Baixa Idade Média (XIV-XV),,,Desconhecido,Desconhecido,,,1,,,,,Por classificar,Por classificar
FER007,"Dom Fernando, Infante Santo",Testamento,huum caderno de canto de Santa Maria das Neves,,,Antifonário de Ofício,,,,Por classificar,Por classificar,,Anónimo (Geral),,,Baixa Idade Média (XIV-XV),,,Desconhecido,Desconhecido,,Autor,1,,,,,Por classificar,Por classificar
FER008,"Dom Fernando, Infante Santo",Testamento,huum quaderno do officio da Victoria,,,Livro de Ofícios da Vitória,,,,Por classificar,Por classificar,,Anónimo (Geral),,,Baixa Idade Média (XIV-XV),,,Desconhecido,Desconhecido,,,1,,,,,Por classificar,Por classificar
FER009,"Dom Fernando, Infante Santo",Testamento,outro caderno do officio do Corpo de Deus,,,Livro de Ofícios do Corpo de Deus,,,,Por classificar,Por classificar,,Anónimo (Geral),,,Baixa Idade Média (XIV-XV),,,Desconhecido,Desconhecido,,,1,,,,,Por classificar,Por classificar
FER010,"Dom Fernando, Infante Santo",Testamento,outro quaderno de beenzer as huuas,,,Livro de Ofícios da Bendiçăo das Uvas,,,,Por classificar,Por classificar,,Anónimo (Geral),,,Baixa Idade Média (XIV-XV),,,Desconhecido,Desconhecido,,,1,,,,,Por classificar,Por classificar
FER011,"Dom Fernando, Infante Santo",Testamento,outro caderno do officio de Santa Helisabeth,,,Livro de Ofícios de Santa Isabel,,,,Por classificar,Por classificar,,Anónimo (Geral),,,Baixa Idade Média (XIV-XV),,,Desconhecido,Desconhecido,,,1,,,,,Por classificar,Por classificar
FER012,"Dom Fernando, Infante Santo",Testamento,O livro das collaçőoes dos padres,,,Colaçőes dos Padres (Collationes Patrum),,,,Por classificar,Por classificar,Monaquismo oriental primitivo,Joăo Cassiano (Johannes Cassianus),,,Antiguidade Tardia (III-VIII),,,Europa de Leste,"Norte de África, Próximo Orient",,,1,,,,,Por classificar,Por classificar
FER013,"Dom Fernando, Infante Santo",Testamento,Estatuta Monacorum,,,Estabelecimentos dos Mosteiros,,,,Por classificar,Por classificar,,Joăo Cassiano (Johannes Cassianus),,,Antiguidade Tardia (III-VIII),,,Europa de Leste,"Norte de África, Próximo Orient",,,1,,,,,Por classificar,Por classificar
FER014,"Dom Fernando, Infante Santo",Testamento,os sermőoes de Santo Augustinho per latim,,,Sermonário,,,,Por classificar,Por classificar,,Agostinho de Hipona (Augustinus),,,Antiguidade Tardia (III-VIII),,,Norte de África,Norte de África,,,1,,,,,Por classificar,Por classificar
FER015,"Dom Fernando, Infante Santo",Testamento,huum livro de linguagem que chamam Rosal d'Amor,,,Rosal de Amor,,,,Por classificar,Por classificar,,Anónimo (Geral),,,Baixa Idade Média (XIV-XV),,,Desconhecido,Desconhecido,,,1,,,,,Por classificar,Por classificar
FER016,"Dom Fernando, Infante Santo",Testamento,huum livro das meditaçőoes de Sam Bernardo,,,Meditaçőes,,,,Por classificar,Por classificar,Primeira patrística ocidental,Bernardo de Claraval,,,Idade Média Central (XI-XIII),,,França,França,,,1,,,,,Por classificar,Por classificar
FER017,"Dom Fernando, Infante Santo",Testamento,huum livro de linguagem que chamam Estimullo Amoris,,,Estímulo do Amor,,,,Por classificar,Por classificar,,Por classificar,,,Indeterminada,,,,,,,1,,,,,Por classificar,Por classificar
FER018,"Dom Fernando, Infante Santo",Testamento,Solliloquio de Sancto Agostinho [] em linguagem,,,Solilóquio,,,,Por classificar,Por classificar,,Agostinho de Hipona (Augustinus),,,Antiguidade Tardia (III-VIII),,,Norte de África,Norte de África,,,1,,,,,Por classificar,Por classificar
FER019,"Dom Fernando, Infante Santo",Testamento,Meditaçőes [de Sancto Agostinho] em linguagem,,,Meditaçőes,,,,Por classificar,Por classificar,,Ps. Agostinho de Hipona,,,Baixa Idade Média (XIV-XV),,,Desconhecido,Desconhecido,,,1,,,,,Por classificar,Por classificar
FER020,"Dom Fernando, Infante Santo",Testamento,outro livro que chamam Isaac em linguagem,,,Por classificar,,,,Por classificar,Por classificar,,Isaac de Nínive,,,Antiguidade Tardia (III-VIII),,,,,,,1,,,,,Por classificar,Por classificar
FER021,"Dom Fernando, Infante Santo",Testamento,huum livro de papel per latim de muitas cousas místicas que foy do thesoureiro d'Evora,,,Livro de espiritualidade (indeterminado),,,,Por classificar,Por classificar,,Anónimo (Geral),,,Baixa Idade Média (XIV-XV),,,Desconhecido,Desconhecido,,,1,,,,,Por classificar,Por classificar
FER022,"Dom Fernando, Infante Santo",Testamento,huum missal grande de seu costume [da sé de Lisboa],,,Missal,,,,Por classificar,Por classificar,,Anónimo (Geral),,,Baixa Idade Média (XIV-XV),,,Desconhecido,Desconhecido,,,1,,,,,Por classificar,Por classificar
FER023,"Dom Fernando, Infante Santo",Testamento,O hordenayro de minha capella que he de seu costume [da sé de Lisboa],,,Ordinário,,,,Por classificar,Por classificar,,Anónimo (Geral),,,Baixa Idade Média (XIV-XV),,,Desconhecido,Desconhecido,,,1,,,,,Por classificar,Por classificar
FER024,"Dom Fernando, Infante Santo",Testamento,huum offiçial grande,,,Livro de Ofícios (genérico),,,,Por classificar,Por classificar,,Anónimo (Geral),,,Baixa Idade Média (XIV-XV),,,Desconhecido,Desconhecido,,,1,,,,,Por classificar,Por classificar
FER025,"Dom Fernando, Infante Santo",Testamento,doze livros pequenos processionayros,,,Processionário,,,,Por classificar,Por classificar,,Anónimo (Geral),,,Baixa Idade Média (XIV-XV),,,Desconhecido,Desconhecido,,,12,,,,,Por classificar,Por classificar
FER037,"Dom Fernando, Infante Santo",Testamento,huum livro de canto d'orgom,,,Antifonário de Ofício,,,,Por classificar,Por classificar,,Anónimo (Geral),,,Baixa Idade Média (XIV-XV),,,Desconhecido,Desconhecido,,Autor,1,,,,,Por classificar,Por classificar
FER038,"Dom Fernando, Infante Santo",Testamento,O antifonayro que me envyou o cardeal,,,Antifonário de Missa,,,,Por classificar,Por classificar,,Anónimo (Geral),,,Baixa Idade Média (XIV-XV),,,Desconhecido,Desconhecido,,,1,,,,,Por classificar,Por classificar
FER039,"Dom Fernando, Infante Santo",Testamento,huum livro da vida de Sam Jeronymo em linguagem,,,Vida de Săo Jerónimo,,,,Por classificar,Por classificar,,Por classificar,,,Indeterminada,,,,,,,1,,,,,Por classificar,Por classificar
FER040,"Dom Fernando, Infante Santo",Testamento,outro livro da Vida dos Santos em linguagem,,,Lenda Dourada (Legenda Aurea),,,,Espiritualidade e religiosidade,Hagiografia,,Tiago de Voragine (Jacobus de Voragine),,,Idade Média Central (XI-XIII),,,,,,,1,,,,,Por classificar,Por classificar
FER041,"Dom Fernando, Infante Santo",Testamento,O livro da reynha Dona Helisabeth,,,Vida de Santa Isabel,,,,Por classificar,Por classificar,,Por classificar,,,Indeterminada,,,,,,,1,,,,,Por classificar,Por classificar
FER042,"Dom Fernando, Infante Santo",Testamento,huum [livro pequeno d'oraçőes] de purgaminho () cubertos de velludo preto,,,Livro de Oraçőes (genérico),,,,Por classificar,Por classificar,,Anónimo (Geral),,,Baixa Idade Média (XIV-XV),,,Desconhecido,Desconhecido,,,1,,,,,Por classificar,Por classificar
FER043,"Dom Fernando, Infante Santo",Testamento,huum [livro pequeno d'oraçőes]() de papel cubertos de velludo preto,,,Livro de Oraçőes (genérico),,,,Por classificar,Por classificar,,Anónimo (Geral),,,Baixa Idade Média (XIV-XV),,,Desconhecido,Desconhecido,,,1,,,,,Por classificar,Por classificar
FER044,"Dom Fernando, Infante Santo",Testamento,livro dos Moraes de Sam Gregorio,,,Moral em Job,,,,Por classificar,Por classificar,,"Gregório I, Papa",,,Antiguidade Tardia (III-VIII),,,Península Itálica,Península Itálica,,,1,,,,,Por classificar,Por classificar
FER045,"Dom Fernando, Infante Santo",Testamento,huum livro per latim das Collaçőoes dos Padres,,,Colaçőes dos Padres (Collationes Patrum),,,,Por classificar,Por classificar,Monaquismo oriental primitivo,Joăo Cassiano (Johannes Cassianus),,,Antiguidade Tardia (III-VIII),,,Europa de Leste,"Norte de África, Próximo Orient",,,1,,,,,Por classificar,Por classificar
FER046,"Dom Fernando, Infante Santo",Testamento,huum livro per latim () Estatuta Monacorum,,,Estabelecimentos dos Mosteiros,,,,Por classificar,Por classificar,,Joăo Cassiano (Johannes Cassianus),,,Antiguidade Tardia (III-VIII),,,Europa de Leste,"Norte de África, Próximo Orient",,,1,,,,,Por classificar,Por classificar
FER047,"Dom Fernando, Infante Santo",Testamento,huum livro de linguagem que chamam Hermo Spiritual,,,Ermo Espiritual,,,,Por classificar,Por classificar,,Anónimo (Geral),,,Baixa Idade Média (XIV-XV),,,Desconhecido,Desconhecido,,,1,,,,,Por classificar,Por classificar
FER048,"Dom Fernando, Infante Santo",Testamento,huum brivyayro,,,Breviário (geral),,,,Por classificar,Por classificar,,Anónimo (Geral),,,Baixa Idade Média (XIV-XV),,,Desconhecido,Desconhecido,,,1,,,,,Por classificar,Por classificar
JOA001,"Dom Joăo I, Rei",Por classificar,Demanda do Santo Graal,,,Demanda do Santo Graal,,,,Novelas de cavalaria,Matéria da Bretanha,,Anónimo (Idade Média Central),,,Idade Média Central (XI-XIII),,,Desconhecido,Desconhecido,,Por classificar,1,,Por classificar,,,,
JOA002,"Dom Joăo I, Rei",Por classificar,Regimento de Príncipes,,,Regimento de Príncipes,,,,Técnica,Literatura didática,Ética cavaleiresca,Gil de Roma,,,Baixa Idade Média (XIV-XV),,,Península Itálica,França,,Por classificar,1,,Por classificar,,,,
JOA003,"Dom Joăo I, Rei",Por classificar,Historia geral de Hespanha,,,Historia Geral de Espanha,,,,História,Historiografia,,Rodrigo Jiménez de Rada,,,Idade Média Central (XI-XIII),,,,,,Por classificar,1,,Por classificar,,,,
JOA004,"Dom Joăo I, Rei",Por classificar,A Confissăo do Amante,,,A Confissăo do Amante (Confessio Amantis),,,,Moralidades,Contos morais e exemplares,,John Gower,,,Baixa Idade Média (XIV-XV),,,Ilhas Britânicas,Ilhas Britânicas,,Autor,1,,Por classificar,,,,
JOA005,"Dom Joăo I, Rei",Por classificar,Livro de Oraçőes de uso do rei D. Fernando,,,Livro de Oraçőes (genérico),,,,Espiritualidade e religiosidade,Liturgia,,Anónimo (Baixa Idade Média),,,Baixa Idade Média (XIV-XV),,,Desconhecido,Desconhecido,,Por classificar,1,,Por classificar,,,,
JOA006,"Dom Joăo I, Rei",Por classificar,Livro das horas de Santa Maria,,,Livro das Horas de Santa Maria,,,,Espiritualidade e religiosidade,Liturgia,,Anónimo (Geral),,,Baixa Idade Média (XIV-XV),,,Desconhecido,Desconhecido,,Por classificar,1,,Por classificar,,,,
JOA007,"Dom Joăo I, Rei",Por classificar,Salmos certos para finados,,,Salmos para finados,,,,Espiritualidade e religiosidade,Liturgia,,Anónimo (Geral),,,Baixa Idade Média (XIV-XV),,,Desconhecido,Desconhecido,,Por classificar,1,,Por classificar,,,,
JOA008,"Dom Joăo I, Rei",Por classificar,Livro da Montaria,,,Livro de Montaria,,,,Técnica,Cinegética,Prática cavaleiresca,"Joăo I (D.), rei de Portugal",,,Baixa Idade Média (XIV-XV),,,Península Ibérica (Portugal),Península Ibérica (Portugal),,Por classificar,1,,Por classificar,,,,
JOA009,"Dom Joăo I, Rei",Por classificar,"Livro da Cetraria, que foi d'el-Rei Dom Joăo I",,,Livro de Cetraria,,,,Técnica,Cinegética,,Juan Manuel,,,Baixa Idade Média (XIV-XV),,,Península Ibérica (Castela),Península Ibérica (Castela),,Por classificar,1,,Por classificar,,,,
JOA010,"Dom Joăo I, Rei",Por classificar,"Agricultura, , que foi d'el-Rei Dom Joăo I",,,Sobre a Agricultura (De re rustica),,,,Técnica,Agricultura,Agronomia romana,Columela (Lucius Junius Moderatus Columella),Indisputada,,Antiguidade Clássica (V a.C-III),,,Península Ibérica,Península Itálica,,Autor,1,,Por classificar,,,,
JOA011,"Dom Joăo I, Rei",Por classificar,Livro da Primeira Partida,,,Livro da Primeira Partida,,,,Jurídica,Direito,Poesia lírica ibérica,"Afonso X (D.), Rei de Castela",,,Idade Média Central (XI-XIII),,,Península Ibérica (Castela),Península Ibérica (Castela),,Por classificar,1,,Por classificar,,,,
JOA012,"Dom Joăo I, Rei",Por classificar,Bartolo,,,[Livro de] Bártolo,,,,Jurídica,Direito,Direito romano,Bártolo de Saxoferrato,,,Baixa Idade Média (XIV-XV),,,Península Itálica,Península Itálica,,Por classificar,1,,Por classificar,,,,
JOA013,"Dom Joăo I, Rei",Por classificar,"Codigo, com o Commento de Cino da Pistóia",,,Comentário de Cino de Pistóia ao Código [de Justiniano],,,,Jurídica,Direito,,Cino da Pistóia,,,Baixa Idade Média (XIV-XV),,,,,,Por classificar,1,,Por classificar,,,,
JOA014,"Dom Joăo I, Rei",Por classificar,Livro das Trovas do Rei Dom Diniz,,,Livro das Trovas de D. Dinis,,,,Poesia,Poesia lírica,Poesia lírica ibérica,"Dinis (D.), Rei de Portugal",,,Idade Média Central (XI-XIII),,,Península Ibérica (Portugal),Península Ibérica (Portugal),,Por classificar,1,,Por classificar,,,,
JOA015,"Dom Joăo I, Rei",Por classificar,"Bíblia, ganhada aos Castelhanos",,,Bíblia [Completa],,,,Espiritualidade e religiosidade,Bíblia / Escrituras,,Anónimo (Antiguidade Clássica),Indisputada,,Antiguidade Clássica (V a.C-III),,,Desconhecido,Desconhecido,,Autor,1,,Por classificar,,,,
JOA016,"Dom Joăo I, Rei",Por classificar,Estoria geral,,,Historia Geral de Espanha,,,,História,Historiografia,,Rodrigo Jiménez de Rada,,,Idade Média Central (XI-XIII),,,,,,Por classificar,1,,Por classificar,,,,
JOA017A,"Dom Joăo I, Rei",Por classificar,História geral,,,Historia Geral de Espanha,,,,História,Historiografia,,Rodrigo Jiménez de Rada,,,Idade Média Central (XI-XIII),,,,,,Por classificar,1,,Por classificar,,,,
JOA017B,"Dom Joăo I, Rei",Por classificar,Historia da Bíblia,,,Historia Scholastica,,,,Por classificar,Por classificar,,Pedro O Comedor (Petrus Comestor),,,Idade Média Central (XI-XIII),,,,,,Por classificar,1,,Por classificar,,,Portuguęs,Vernacular
JOA018A,"Dom Joăo I, Rei",Por classificar,Evangelhos,,,Evangeliário,,,,Espiritualidade e religiosidade,Bíblia / Escrituras,,Anónimo (Antiguidade Clássica),Indisputada,,Antiguidade Clássica (V a.C-III),,,Desconhecido,Desconhecido,,Por classificar,1,,Por classificar,,,Portuguęs,Vernacular
JOA018B,"Dom Joăo I, Rei",Por classificar,Atos dos Apóstolos,,,Atos dos Apóstolos,,,,Espiritualidade e religiosidade,Bíblia / Escrituras,Cristianismo primitivo,Anónimo (Antiguidade Clássica),Indisputada,,Antiguidade Clássica (V a.C-III),,,Desconhecido,Desconhecido,,Por classificar,1,,Por classificar,,,Portuguęs,Vernacular
JOA018C,"Dom Joăo I, Rei",Por classificar,Epistolas de S. Paulo,,,Epístolas Paulinas,,,,Espiritualidade e religiosidade,Bíblia / Escrituras,,Saulo de Tarso (Paulo de Tarso),Indisputada,,Antiguidade Clássica (V a.C-III),,,,,,Por classificar,1,,Por classificar,,,Portuguęs,Vernacular
LEO001,Livraria de D. Leonor de Viseu,Inventário,Duas Brivias pequenas,,,Por classificar,,,,Por classificar,Por classificar,,Por classificar,,,Indeterminada,,,,,,Autor,1,Por classificar,Por classificar,Por classificar,Por classificar,Por classificar,Por classificar
LEO002,Livraria de D. Leonor de Viseu,Inventário,Duas Brivias pequenas,,,Por classificar,,,,Por classificar,Por classificar,,Por classificar,,,Indeterminada,,,,,,Autor,1,Por classificar,Por classificar,Por classificar,Por classificar,Por classificar,Por classificar
LEO003,Livraria de D. Leonor de Viseu,Inventário,De conformitate [vite] beati Francisci,,,Por classificar,,,,Por classificar,Por classificar,,Por classificar,,,Indeterminada,,,,,,Autor,1,Por classificar,Por classificar,Por classificar,Por classificar,Por classificar,Por classificar
LEO004,Livraria de D. Leonor de Viseu,Inventário,Stella clericorum,,,Por classificar,,,,Por classificar,Por classificar,,Por classificar,,,Indeterminada,,,,,,Autor,1,Por classificar,Por classificar,Por classificar,Por classificar,Por classificar,Por classificar
LEO005,Livraria de D. Leonor de Viseu,Inventário,Memotrecus,,,Por classificar,,,,Por classificar,Por classificar,,Por classificar,,,Indeterminada,,,,,,Autor,1,Por classificar,Por classificar,Por classificar,Por classificar,Por classificar,Por classificar
LEO006,Livraria de D. Leonor de Viseu,Inventário,Omelia diversorum autorum,,,Por classificar,,,,Por classificar,Por classificar,,Por classificar,,,Indeterminada,,,,,,Autor,1,Por classificar,Por classificar,Por classificar,Por classificar,Por classificar,Por classificar
LEO007,Livraria de D. Leonor de Viseu,Inventário,De ornatu mulierum dialogus,,,Por classificar,,,,Por classificar,Por classificar,,Por classificar,,,Indeterminada,,,,,,Autor,1,Por classificar,Por classificar,Por classificar,Por classificar,Por classificar,Por classificar
LEO008,Livraria de D. Leonor de Viseu,Inventário,Preceptorium Nider,,,Por classificar,,,,Por classificar,Por classificar,,Por classificar,,,Indeterminada,,,,,,Autor,1,Por classificar,Por classificar,Por classificar,Por classificar,Por classificar,Por classificar
LEO009,Livraria de D. Leonor de Viseu,Inventário,Bautistiniana,,,Por classificar,,,,Por classificar,Por classificar,,Por classificar,,,Indeterminada,,,,,,Autor,1,Por classificar,Por classificar,Por classificar,Por classificar,Por classificar,Por classificar
LEO010,Livraria de D. Leonor de Viseu,Inventário,Pontifical de forma,,,Por classificar,,,,Por classificar,Por classificar,,Por classificar,,,Indeterminada,,,,,,Autor,1,Por classificar,Por classificar,Por classificar,Por classificar,Por classificar,Por classificar
LEO011,Livraria de D. Leonor de Viseu,Inventário,Pontifical de pena velho,,,Por classificar,,,,Por classificar,Por classificar,,Por classificar,,,Indeterminada,,,,,,Autor,1,Por classificar,Por classificar,Por classificar,Por classificar,Por classificar,Por classificar
LEO012,Livraria de D. Leonor de Viseu,Inventário,Racional,,,Por classificar,,,,Por classificar,Por classificar,,Por classificar,,,Indeterminada,,,,,,Autor,1,Por classificar,Por classificar,Por classificar,Por classificar,Por classificar,Por classificar
LEO013,Livraria de D. Leonor de Viseu,Inventário,Liber Cataldi,,,Por classificar,,,,Por classificar,Por classificar,,Por classificar,,,Indeterminada,,,,,,Autor,1,Por classificar,Por classificar,Por classificar,Por classificar,Por classificar,Por classificar
LEO014,Livraria de D. Leonor de Viseu,Inventário,De electione Romani Pontificis,,,Por classificar,,,,Por classificar,Por classificar,,Por classificar,,,Indeterminada,,,,,,Autor,1,Por classificar,Por classificar,Por classificar,Por classificar,Por classificar,Por classificar
LEO015,Livraria de D. Leonor de Viseu,Inventário,Sermones discipuli,,,Por classificar,,,,Por classificar,Por classificar,,Por classificar,,,Indeterminada,,,,,,Autor,1,Por classificar,Por classificar,Por classificar,Por classificar,Por classificar,Por classificar
LEO016,Livraria de D. Leonor de Viseu,Inventário,De conformitate vite beati Francisci,,,Por classificar,,,,Por classificar,Por classificar,,Por classificar,,,Indeterminada,,,,,,Autor,1,Por classificar,Por classificar,Por classificar,Por classificar,Por classificar,Por classificar
LEO017,Livraria de D. Leonor de Viseu,Inventário,Meditacoes de Santo Agustinho,,,Por classificar,,,,Por classificar,Por classificar,,Por classificar,,,Indeterminada,,,,,,Autor,1,Por classificar,Por classificar,Por classificar,Por classificar,Por classificar,Por classificar
LEO018,Livraria de D. Leonor de Viseu,Inventário,Ethica,,,Por classificar,,,,Por classificar,Por classificar,,Por classificar,,,Indeterminada,,,,,,Autor,1,Por classificar,Por classificar,Por classificar,Por classificar,Por classificar,Por classificar
LEO019,Livraria de D. Leonor de Viseu,Inventário,A paixam dos Mártires,,,Por classificar,,,,Por classificar,Por classificar,,Por classificar,,,Indeterminada,,,,,,Autor,1,Por classificar,Por classificar,Por classificar,Por classificar,Por classificar,Por classificar
LEO020,Livraria de D. Leonor de Viseu,Inventário,A vida de Nossa Senhora,,,Por classificar,,,,Por classificar,Por classificar,,Por classificar,,,Indeterminada,,,,,,Autor,1,Por classificar,Por classificar,Por classificar,Por classificar,Por classificar,Por classificar
LEO021,Livraria de D. Leonor de Viseu,Inventário,Milagres de Nossa Senhora,,,Por classificar,,,,Por classificar,Por classificar,,Por classificar,,,Indeterminada,,,,,,Autor,1,Por classificar,Por classificar,Por classificar,Por classificar,Por classificar,Por classificar
LEO022,Livraria de D. Leonor de Viseu,Inventário,Contra os juizos dos strologos,,,Por classificar,,,,Por classificar,Por classificar,,Por classificar,,,Indeterminada,,,,,,Autor,1,Por classificar,Por classificar,Por classificar,Por classificar,Por classificar,Por classificar
LEO023,Livraria de D. Leonor de Viseu,Inventário,Coroaçam de Joham de Mena,,,Por classificar,,,,Por classificar,Por classificar,,Por classificar,,,Indeterminada,,,,,,Autor,1,Por classificar,Por classificar,Por classificar,Por classificar,Por classificar,Por classificar
LEO024,Livraria de D. Leonor de Viseu,Inventário,Contemplaçam da paixam de Sam Joham,,,Por classificar,,,,Por classificar,Por classificar,,Por classificar,,,Indeterminada,,,,,,Autor,1,Por classificar,Por classificar,Por classificar,Por classificar,Por classificar,Por classificar
LEO025,Livraria de D. Leonor de Viseu,Inventário,Sermőes de Sam Bernardo ad sororem,,,Por classificar,,,,Por classificar,Por classificar,,Por classificar,,,Indeterminada,,,,,,Autor,1,Por classificar,Por classificar,Por classificar,Por classificar,Por classificar,Por classificar
LEO026,Livraria de D. Leonor de Viseu,Inventário,Domingal do Breviairo de pena,,,Por classificar,,,,Por classificar,Por classificar,,Por classificar,,,Indeterminada,,,,,,Autor,1,Por classificar,Por classificar,Por classificar,Por classificar,Por classificar,Por classificar
LEO027,Livraria de D. Leonor de Viseu,Inventário,De proprietatibus rerum,,,Por classificar,,,,Por classificar,Por classificar,,Por classificar,,,Indeterminada,,,,,,Autor,1,Por classificar,Por classificar,Por classificar,Por classificar,Por classificar,Por classificar
LEO028,Livraria de D. Leonor de Viseu,Inventário,Cronica de Boemia,,,Por classificar,,,,Por classificar,Por classificar,,Por classificar,,,Indeterminada,,,,,,Autor,1,Por classificar,Por classificar,Por classificar,Por classificar,Por classificar,Por classificar
LEO029,Livraria de D. Leonor de Viseu,Inventário,Etas mundi,,,Por classificar,,,,Por classificar,Por classificar,,Por classificar,,,Indeterminada,,,,,,Autor,1,Por classificar,Por classificar,Por classificar,Por classificar,Por classificar,Por classificar
LEO030,Livraria de D. Leonor de Viseu,Inventário,Marco Paulo,,,Por classificar,,,,Por classificar,Por classificar,,Por classificar,,,Indeterminada,,,,,,Autor,1,Por classificar,Por classificar,Por classificar,Por classificar,Por classificar,Por classificar
LEO031,Livraria de D. Leonor de Viseu,Inventário,Exemplario,,,Por classificar,,,,Por classificar,Por classificar,,Por classificar,,,Indeterminada,,,,,,Autor,1,Por classificar,Por classificar,Por classificar,Por classificar,Por classificar,Por classificar
LEO032,Livraria de D. Leonor de Viseu,Inventário,Bosco deleitoso,,,Por classificar,,,,Por classificar,Por classificar,,Por classificar,,,Indeterminada,,,,,,Autor,1,Por classificar,Por classificar,Por classificar,Por classificar,Por classificar,Por classificar
LEO033,Livraria de D. Leonor de Viseu,Inventário,Lucio Apuleio,,,Por classificar,,,,Por classificar,Por classificar,,Por classificar,,,Indeterminada,,,,,,Autor,1,Por classificar,Por classificar,Por classificar,Por classificar,Por classificar,Por classificar
LEO034,Livraria de D. Leonor de Viseu,Inventário,De agricultura,,,Por classificar,,,,Por classificar,Por classificar,,Por classificar,,,Indeterminada,,,,,,Autor,1,Por classificar,Por classificar,Por classificar,Por classificar,Por classificar,Por classificar
LEO035,Livraria de D. Leonor de Viseu,Inventário,Exemplario,,,Por classificar,,,,Por classificar,Por classificar,,Por classificar,,,Indeterminada,,,,,,Autor,1,Por classificar,Por classificar,Por classificar,Por classificar,Por classificar,Por classificar
LEO036,Livraria de D. Leonor de Viseu,Inventário,V.ş missays. s. 1 de pena,,,Por classificar,,,,Por classificar,Por classificar,,Por classificar,,,Indeterminada,,,,,,Autor,1,Por classificar,Por classificar,Por classificar,Por classificar,Por classificar,Por classificar
LEO037,Livraria de D. Leonor de Viseu,Inventário,V.ş missays. s. 1 de pena,,,Por classificar,,,,Por classificar,Por classificar,,Por classificar,,,Indeterminada,,,,,,Autor,1,Por classificar,Por classificar,Por classificar,Por classificar,Por classificar,Por classificar
LEO038,Livraria de D. Leonor de Viseu,Inventário,V.ş missays. s. 1 de pena,,,Por classificar,,,,Por classificar,Por classificar,,Por classificar,,,Indeterminada,,,,,,Autor,1,Por classificar,Por classificar,Por classificar,Por classificar,Por classificar,Por classificar
LEO039,Livraria de D. Leonor de Viseu,Inventário,V.ş missays. s. 1 de pena,,,Por classificar,,,,Por classificar,Por classificar,,Por classificar,,,Indeterminada,,,,,,Autor,1,Por classificar,Por classificar,Por classificar,Por classificar,Por classificar,Por classificar
LEO040,Livraria de D. Leonor de Viseu,Inventário,V.ş missays. s. 1 de pena,,,Por classificar,,,,Por classificar,Por classificar,,Por classificar,,,Indeterminada,,,,,,Autor,1,Por classificar,Por classificar,Por classificar,Por classificar,Por classificar,Por classificar
LEO041,Livraria de D. Leonor de Viseu,Inventário,Missal domingal,,,Por classificar,,,,Por classificar,Por classificar,,Por classificar,,,Indeterminada,,,,,,Autor,1,Por classificar,Por classificar,Por classificar,Por classificar,Por classificar,Por classificar
LEO042,Livraria de D. Leonor de Viseu,Inventário,quatro Breviayros,,,Por classificar,,,,Por classificar,Por classificar,,Por classificar,,,Indeterminada,,,,,,Autor,1,Por classificar,Por classificar,Por classificar,Por classificar,Por classificar,Por classificar
LEO043,Livraria de D. Leonor de Viseu,Inventário,quatro Breviayros,,,Por classificar,,,,Por classificar,Por classificar,,Por classificar,,,Indeterminada,,,,,,Autor,1,Por classificar,Por classificar,Por classificar,Por classificar,Por classificar,Por classificar
LEO044,Livraria de D. Leonor de Viseu,Inventário,quatro Breviayros,,,Por classificar,,,,Por classificar,Por classificar,,Por classificar,,,Indeterminada,,,,,,Autor,1,Por classificar,Por classificar,Por classificar,Por classificar,Por classificar,Por classificar
LEO045,Livraria de D. Leonor de Viseu,Inventário,quatro Breviayros,,,Por classificar,,,,Por classificar,Por classificar,,Por classificar,,,Indeterminada,,,,,,Autor,1,Por classificar,Por classificar,Por classificar,Por classificar,Por classificar,Por classificar
LEO046,Livraria de D. Leonor de Viseu,Inventário,dous Salteiros grandes e II pequenos,,,Por classificar,,,,Por classificar,Por classificar,,Por classificar,,,Indeterminada,,,,,,Autor,1,Por classificar,Por classificar,Por classificar,Por classificar,Por classificar,Por classificar
LEO047,Livraria de D. Leonor de Viseu,Inventário,dous Salteiros grandes e II pequenos,,,Por classificar,,,,Por classificar,Por classificar,,Por classificar,,,Indeterminada,,,,,,Autor,1,Por classificar,Por classificar,Por classificar,Por classificar,Por classificar,Por classificar
LEO048,Livraria de D. Leonor de Viseu,Inventário,dous Salteiros grandes e II pequenos,,,Por classificar,,,,Por classificar,Por classificar,,Por classificar,,,Indeterminada,,,,,,Autor,1,Por classificar,Por classificar,Por classificar,Por classificar,Por classificar,Por classificar
LEO049,Livraria de D. Leonor de Viseu,Inventário,dous Salteiros grandes e II pequenos,,,Por classificar,,,,Por classificar,Por classificar,,Por classificar,,,Indeterminada,,,,,,Autor,1,Por classificar,Por classificar,Por classificar,Por classificar,Por classificar,Por classificar
LEO050,Livraria de D. Leonor de Viseu,Inventário,quatro livros de rezar de purgaminho,,,Por classificar,,,,Por classificar,Por classificar,,Por classificar,,,Indeterminada,,,,,,Autor,1,Por classificar,Por classificar,Por classificar,Por classificar,Por classificar,Por classificar
LEO051,Livraria de D. Leonor de Viseu,Inventário,quatro livros de rezar de purgaminho,,,Por classificar,,,,Por classificar,Por classificar,,Por classificar,,,Indeterminada,,,,,,Autor,1,Por classificar,Por classificar,Por classificar,Por classificar,Por classificar,Por classificar
LEO052,Livraria de D. Leonor de Viseu,Inventário,quatro livros de rezar de purgaminho,,,Por classificar,,,,Por classificar,Por classificar,,Por classificar,,,Indeterminada,,,,,,Autor,1,Por classificar,Por classificar,Por classificar,Por classificar,Por classificar,Por classificar
LEO053,Livraria de D. Leonor de Viseu,Inventário,quatro livros de rezar de purgaminho,,,Por classificar,,,,Por classificar,Por classificar,,Por classificar,,,Indeterminada,,,,,,Autor,1,Por classificar,Por classificar,Por classificar,Por classificar,Por classificar,Por classificar
LEO054,Livraria de D. Leonor de Viseu,Inventário,quatro Diurnaes,,,Por classificar,,,,Por classificar,Por classificar,,Por classificar,,,Indeterminada,,,,,,Autor,1,Por classificar,Por classificar,Por classificar,Por classificar,Por classificar,Por classificar
LEO055,Livraria de D. Leonor de Viseu,Inventário,quatro Diurnaes,,,Por classificar,,,,Por classificar,Por classificar,,Por classificar,,,Indeterminada,,,,,,Autor,1,Por classificar,Por classificar,Por classificar,Por classificar,Por classificar,Por classificar
LEO056,Livraria de D. Leonor de Viseu,Inventário,quatro Diurnaes,,,Por classificar,,,,Por classificar,Por classificar,,Por classificar,,,Indeterminada,,,,,,Autor,1,Por classificar,Por classificar,Por classificar,Por classificar,Por classificar,Por classificar
LEO057,Livraria de D. Leonor de Viseu,Inventário,quatro Diurnaes,,,Por classificar,,,,Por classificar,Por classificar,,Por classificar,,,Indeterminada,,,,,,Autor,1,Por classificar,Por classificar,Por classificar,Por classificar,Por classificar,Por classificar
LEO058,Livraria de D. Leonor de Viseu,Inventário,Stimulus amoris,,,Por classificar,,,,Por classificar,Por classificar,,Por classificar,,,Indeterminada,,,,,,Autor,1,Por classificar,Por classificar,Por classificar,Por classificar,Por classificar,Por classificar
LEO059,Livraria de D. Leonor de Viseu,Inventário,Sermones iiij novissimorum,,,Por classificar,,,,Por classificar,Por classificar,,Por classificar,,,Indeterminada,,,,,,Autor,1,Por classificar,Por classificar,Por classificar,Por classificar,Por classificar,Por classificar
LEO060,Livraria de D. Leonor de Viseu,Inventário,Sermones iiij novissimorum,,,Por classificar,,,,Por classificar,Por classificar,,Por classificar,,,Indeterminada,,,,,,Autor,1,Por classificar,Por classificar,Por classificar,Por classificar,Por classificar,Por classificar
LEO061,Livraria de D. Leonor de Viseu,Inventário,Sermones iiij novissimorum,,,Por classificar,,,,Por classificar,Por classificar,,Por classificar,,,Indeterminada,,,,,,Autor,1,Por classificar,Por classificar,Por classificar,Por classificar,Por classificar,Por classificar
LEO062,Livraria de D. Leonor de Viseu,Inventário,Sermones iiij novissimorum,,,Por classificar,,,,Por classificar,Por classificar,,Por classificar,,,Indeterminada,,,,,,Autor,1,Por classificar,Por classificar,Por classificar,Por classificar,Por classificar,Por classificar
LEO063,Livraria de D. Leonor de Viseu,Inventário,Vitas Patrum,,,Por classificar,,,,Por classificar,Por classificar,,Por classificar,,,Indeterminada,,,,,,Autor,1,Por classificar,Por classificar,Por classificar,Por classificar,Por classificar,Por classificar
LEO064,Livraria de D. Leonor de Viseu,Inventário,Suplimentum das Cronicas,,,Por classificar,,,,Por classificar,Por classificar,,Por classificar,,,Indeterminada,,,,,,Autor,1,Por classificar,Por classificar,Por classificar,Por classificar,Por classificar,Por classificar
LEO065,Livraria de D. Leonor de Viseu,Inventário,Dos vicios e das virtudes,,,Por classificar,,,,Por classificar,Por classificar,,Por classificar,,,Indeterminada,,,,,,Autor,1,Por classificar,Por classificar,Por classificar,Por classificar,Por classificar,Por classificar
LEO066,Livraria de D. Leonor de Viseu,Inventário,dous de Christina,,,Por classificar,,,,Por classificar,Por classificar,,Por classificar,,,Indeterminada,,,,,,Autor,1,Por classificar,Por classificar,Por classificar,Por classificar,Por classificar,Por classificar
LEO067,Livraria de D. Leonor de Viseu,Inventário,dous de Christina,,,Por classificar,,,,Por classificar,Por classificar,,Por classificar,,,Indeterminada,,,,,,Autor,1,Por classificar,Por classificar,Por classificar,Por classificar,Por classificar,Por classificar
LEO068,Livraria de D. Leonor de Viseu,Inventário,Spelho da vida húmana,,,Por classificar,,,,Por classificar,Por classificar,,Por classificar,,,Indeterminada,,,,,,Autor,1,Por classificar,Por classificar,Por classificar,Por classificar,Por classificar,Por classificar
LEO069,Livraria de D. Leonor de Viseu,Inventário,Compendio da saude humana,,,Por classificar,,,,Por classificar,Por classificar,,Por classificar,,,Indeterminada,,,,,,Autor,1,Por classificar,Por classificar,Por classificar,Por classificar,Por classificar,Por classificar
LEO070,Livraria de D. Leonor de Viseu,Inventário,"Autos dos Apostolos, dous",,,Por classificar,,,,Por classificar,Por classificar,,Por classificar,,,Indeterminada,,,,,,Autor,1,Por classificar,Por classificar,Por classificar,Por classificar,Por classificar,Por classificar
LEO071,Livraria de D. Leonor de Viseu,Inventário,"Autos dos Apostolos, dous",,,Por classificar,,,,Por classificar,Por classificar,,Por classificar,,,Indeterminada,,,,,,Autor,1,Por classificar,Por classificar,Por classificar,Por classificar,Por classificar,Por classificar
LEO072,Livraria de D. Leonor de Viseu,Inventário,Estoria de Melosina,,,Por classificar,,,,Por classificar,Por classificar,,Por classificar,,,Indeterminada,,,,,,Autor,1,Por classificar,Por classificar,Por classificar,Por classificar,Por classificar,Por classificar
LEO073,Livraria de D. Leonor de Viseu,Inventário,Boecio. De consolagam,,,Por classificar,,,,Por classificar,Por classificar,,Por classificar,,,Indeterminada,,,,,,Autor,1,Por classificar,Por classificar,Por classificar,Por classificar,Por classificar,Por classificar
LEO074,Livraria de D. Leonor de Viseu,Inventário,Livro dos boos costumes,,,Por classificar,,,,Por classificar,Por classificar,,Por classificar,,,Indeterminada,,,,,,Autor,1,Por classificar,Por classificar,Por classificar,Por classificar,Por classificar,Por classificar
LEO075,Livraria de D. Leonor de Viseu,Inventário,Flos Sanctorum,,,Por classificar,,,,Por classificar,Por classificar,,Por classificar,,,Indeterminada,,,,,,Autor,1,Por classificar,Por classificar,Por classificar,Por classificar,Por classificar,Por classificar
LEO076,Livraria de D. Leonor de Viseu,Inventário,Sermőes de Sam Grissostomo,,,Por classificar,,,,Por classificar,Por classificar,,Por classificar,,,Indeterminada,,,,,,Autor,1,Por classificar,Por classificar,Por classificar,Por classificar,Por classificar,Por classificar
LEO077,Livraria de D. Leonor de Viseu,Inventário,Exposiçam de Evangelhos e Epistolas,,,Por classificar,,,,Por classificar,Por classificar,,Por classificar,,,Indeterminada,,,,,,Autor,1,Por classificar,Por classificar,Por classificar,Por classificar,Por classificar,Por classificar
LEO078,Livraria de D. Leonor de Viseu,Inventário,De doutrina cristăa,,,Por classificar,,,,Por classificar,Por classificar,,Por classificar,,,Indeterminada,,,,,,Autor,1,Por classificar,Por classificar,Por classificar,Por classificar,Por classificar,Por classificar
LEO079,Livraria de D. Leonor de Viseu,Inventário,Natura angelica,,,Por classificar,,,,Por classificar,Por classificar,,Por classificar,,,Indeterminada,,,,,,Autor,1,Por classificar,Por classificar,Por classificar,Por classificar,Por classificar,Por classificar
LEO080,Livraria de D. Leonor de Viseu,Inventário,Paixam dos Martires,,,Por classificar,,,,Por classificar,Por classificar,,Por classificar,,,Indeterminada,,,,,,Autor,1,Por classificar,Por classificar,Por classificar,Por classificar,Por classificar,Por classificar
LEO081,Livraria de D. Leonor de Viseu,Inventário,doutrina evangélica,,,Por classificar,,,,Por classificar,Por classificar,,Por classificar,,,Indeterminada,,,,,,Autor,1,Por classificar,Por classificar,Por classificar,Por classificar,Por classificar,Por classificar
LEO082,Livraria de D. Leonor de Viseu,Inventário,Sam Bernardo ad sororem,,,Por classificar,,,,Por classificar,Por classificar,,Por classificar,,,Indeterminada,,,,,,Autor,1,Por classificar,Por classificar,Por classificar,Por classificar,Por classificar,Por classificar
LEO083,Livraria de D. Leonor de Viseu,Inventário,Speculum sapientie,,,Por classificar,,,,Por classificar,Por classificar,,Por classificar,,,Indeterminada,,,,,,Autor,1,Por classificar,Por classificar,Por classificar,Por classificar,Por classificar,Por classificar
LEO084,Livraria de D. Leonor de Viseu,Inventário,Conclusiones Scoti,,,Por classificar,,,,Por classificar,Por classificar,,Por classificar,,,Indeterminada,,,,,,Autor,1,Por classificar,Por classificar,Por classificar,Por classificar,Por classificar,Por classificar
LEO085,Livraria de D. Leonor de Viseu,Inventário,Das cousas que ha em Roma,,,Por classificar,,,,Por classificar,Por classificar,,Por classificar,,,Indeterminada,,,,,,Autor,1,Por classificar,Por classificar,Por classificar,Por classificar,Por classificar,Por classificar
PED001,"Dom Pedro, Condestável",Livro de Receitas e Despesas,Evicenna,,,,,,,,,,Avicena (Ibn-Sina),,,Idade Média Central (XI-XIII),,,Ásia Central,Ásia Central,,,1,,,,,,
PED002,"Dom Pedro, Condestável",Livro de Receitas e Despesas,Bíblia,,,Bíblia [Completa],,,,Espiritualidade e religiosidade,Bíblia / Escrituras,,Anónimo (Antiguidade Clássica),,,Antiguidade Clássica (V a.C-III),,,Desconhecido,Desconhecido,,Autor,1,,,,,,
PED003,"Dom Pedro, Condestável",Livro de Receitas e Despesas,Missal roma,,,,,,,Espiritualidade e religiosidade,Liturgia,,Anónimo (Geral),,,Baixa Idade Média (XIV-XV),,,Desconhecido,Desconhecido,,,1,,,,,,
PED004,"Dom Pedro, Condestável",Livro de Receitas e Despesas,Paulus Virgerius,,,,,,,,,,"Paulo Vergério, o Velho",,,Baixa Idade Média (XIV-XV),,,,,,,1,,,,,,
PED005,"Dom Pedro, Condestável",Livro de Receitas e Despesas,Missal roma,,,,,,,Espiritualidade e religiosidade,Liturgia,,Anónimo (Geral),,,Baixa Idade Média (XIV-XV),,,Desconhecido,Desconhecido,,,1,,,,,,
PED006,"Dom Pedro, Condestável",Livro de Receitas e Despesas,Flors sanctorum,,,,,,,,,,Anónimo (Geral),,,Baixa Idade Média (XIV-XV),,,Desconhecido,Desconhecido,,,1,,,,,,
PED007,"Dom Pedro, Condestável",Livro de Receitas e Despesas,Missal dominical,,,,,,,Espiritualidade e religiosidade,Liturgia,,Anónimo (Geral),,,Baixa Idade Média (XIV-XV),,,Desconhecido,Desconhecido,,,1,,,,,,
PED008,"Dom Pedro, Condestável",Livro de Receitas e Despesas,Santoral,,,,,,,Espiritualidade e religiosidade,Liturgia,,Anónimo (Geral),,,Baixa Idade Média (XIV-XV),,,Desconhecido,Desconhecido,,,1,,,,,,
PED009,"Dom Pedro, Condestável",Livro de Receitas e Despesas,Ethicorum,,,,,,,Filosofia e Artes liberais,Filosofia,,Aristóteles,,,Antiguidade Clássica (V a.C-III),,,Grécia,Grécia,,,1,,,,,,
PED010,"Dom Pedro, Condestável",Livro de Receitas e Despesas,Politicorum,,,,,,,,,,Aristóteles,,,Antiguidade Clássica (V a.C-III),,,Grécia,Grécia,,,1,,,,,,
PED011,"Dom Pedro, Condestável",Livro de Receitas e Despesas,Yconomicorum,,,,,,,,,,Aristóteles,,,Antiguidade Clássica (V a.C-III),,,Grécia,Grécia,,,1,,,,,,
PED012,"Dom Pedro, Condestável",Livro de Receitas e Despesas,L'arbre de batalles,,,,,,,,,,Honoré Bonnet,,,Idade Média Central (XI-XIII),,,França,França,,,1,,,,,,
PED013,"Dom Pedro, Condestável",Livro de Receitas e Despesas,Alexandre,,,,,,,,,,Quinto Cúrcio Rufo (Quintus Curtius Rufus),,,Antiguidade Clássica (V a.C-II.),,,,,,,1,,,,,,
PED014,"Dom Pedro, Condestável",Livro de Receitas e Despesas,Da vida de Júlio César,,,,,,,História,Historiografia,,Suetónio (Gaius Suetonius Tranquillus),,,Antiguidade Clássica (V a.C-III),,,Norte de África,Península Itálica,,,1,,,,,,
PED015,"Dom Pedro, Condestável",Livro de Receitas e Despesas,Os feitos da Cavalaria,,,,,,,,,,Cristina de Pisano,,,Baixa Idade Média (XIV-XV),,,,,,,1,,,,,,
PED016,"Dom Pedro, Condestável",Livro de Receitas e Despesas,Joannis Crisostomi,,,,,,,,,,Joăo Crisóstomo (Johannes Chrisostomus),,,Antiguidade Tardia (III-VIII),,,,,,,1,,,,,,
PED017,"Dom Pedro, Condestável",Livro de Receitas e Despesas,Virgilius,,,,,,,,,,"Vergílio (Publius Vergilius Maro)



)",,,Antiguidade Clássica (V a.C-II.),,,,,,,1,,,,,,
PED018,"Dom Pedro, Condestável",Livro de Receitas e Despesas,De temporibus,,,,,,,,,,Mateus Palmerio,,,Baixa Idade Média (XIV-XV),,,,,,,1,,,,,,
PED019,"Dom Pedro, Condestável",Livro de Receitas e Despesas,De Officiis,,,,,,,Filosofia e Artes liberais,Retórica,,Marco Túlio Cícero (Marcus Tullius Cicero),,,Antiguidade Clássica (V a.C-III),,,Península Itálica,Península Itálica,,,1,,,,,,
PED020,"Dom Pedro, Condestável",Livro de Receitas e Despesas,Valerius Maximus,,,,,,,,,,Valério Máximo (Gaius Valerius Maximus),,,Antiguidade Clássica (V a.C-III),,,Desconhecido,Desconhecido,,,1,,,,,,
PED021,"Dom Pedro, Condestável",Livro de Receitas e Despesas,Epistoles de Senecha,,,,,,,,,,Séneca (Lucius Annaeus Seneca),,,Antiguidade Clássica (V a.C-III),,,Península Itálica,Península Itálica,,,1,,,,,,
PED022,"Dom Pedro, Condestável",Livro de Receitas e Despesas,Epistole,,,,,,,,,,Jerónimo de Estridăo,,,Antiguidade Tardia (III-VIII),,,,,,,1,,,,,,
PED023,"Dom Pedro, Condestável",Livro de Receitas e Despesas,Les Etiques,,,,,,,Filosofia e Artes liberais,Filosofia,,Aristóteles,,,Antiguidade Clássica (V a.C-III),,,Grécia,Grécia,,,1,,,,,,
PED024,"Dom Pedro, Condestável",Livro de Receitas e Despesas,Vita Marci Antonii et alliorum Principum,,,,,,,,,,Plutarco (Ploútarchos),,,Antiguidade Clássica (V a.C-II.),,,,,,,1,,,,,,
PED025,"Dom Pedro, Condestável",Livro de Receitas e Despesas,Coroniques deis Reys de France,,,,,,,História,Cronística,,Por classificar,,,Indeterminada,,,,,,,1,,,,,,
PED026,"Dom Pedro, Condestável",Livro de Receitas e Despesas,Epistole,,,,,,,,,,"Leăo I, Papa",,,Antiguidade Tardia (III-VIII),,,,,,,1,,,,,,
PED027,"Dom Pedro, Condestável",Livro de Receitas e Despesas,Franciscus Petrarcha,,,,,,,,,,Francisco Petrarca,,,Baixa Idade Média (XIV-XV),,,,,,,1,,,,,,
PED028,"Dom Pedro, Condestável",Livro de Receitas e Despesas,Flors Sanctorum,,,,,,,Espiritualidade e religiosidade,Hagiografia,,Tiago de Voragine (Jacobus de Voragine),,,Idade Média Central (XI-XIII),,,,,,,1,,,,,,
PED029,"Dom Pedro, Condestável",Livro de Receitas e Despesas,"Super ludo Scachorum, De moribus et officiis nobilium",,,,,,,,,,Tiago de Cessolis,,,Baixa Idade Média (XIV-XV),,,,,,,1,,,,,,
PED030,"Dom Pedro, Condestável",Livro de Receitas e Despesas,De Viris illustribus,,,,,,,,,,Jerónimo de Estridăo,,,Antiguidade Tardia (III-VIII),,,,,,,1,,,,,,
PED031,"Dom Pedro, Condestável",Livro de Receitas e Despesas,Les Eneheides,,,,,,,Poesia,Poesia épica,,"Vergílio (Publius Vergilius Maro)



)",,,Antiguidade Clássica (V a.C-II.),,,,,,,1,,,,,,
PED032,"Dom Pedro, Condestável",Livro de Receitas e Despesas,"Libre scrit en papel, ab test e gloses",,,,,,,,,,Por classificar,,,Indeterminada,,,,,,,1,,,,,,
PED033,"Dom Pedro, Condestável",Livro de Receitas e Despesas,Bíblia,,,Bíblia [Completa],,,,Espiritualidade e religiosidade,Bíblia / Escrituras,,Anónimo (Antiguidade Clássica),,,Antiguidade Clássica (V a.C-III),,,Desconhecido,Desconhecido,,Autor,1,,,,,,
PED034,"Dom Pedro, Condestável",Livro de Receitas e Despesas,Glosa ordinaria,,,,,,,,,,Valafrido Estrabăo (Walahfrid Strabo),,,Alta Idade Média (IX-X),,,,,,,1,,,,,,
PED035,"Dom Pedro, Condestável",Livro de Receitas e Despesas,Primer volum de Nicolau de Lira sobre la Bíblia,,,,,,,,,,Nicolau de Lira,,,Baixa Idade Média (XIV-XV),,,,,,,1,,,,,,
PED036,"Dom Pedro, Condestável",Livro de Receitas e Despesas,Segon volum de Nicolau de Lira sobre la Bíblia,,,,,,,,,,Nicolau de Lira,,,Baixa Idade Média (XIV-XV),,,,,,,1,,,,,,
PED037,"Dom Pedro, Condestável",Livro de Receitas e Despesas,De secundo bello púnico,,,,,,,História,Historiografia,,Tito Lívio (Titus Livius),,,Antiguidade Clássica (V a.C-III),,,Península Itálica,Península Itálica,,,1,,,,,,
PED038,"Dom Pedro, Condestável",Livro de Receitas e Despesas,Los morals sobre Jop,,,,,,,,,,"Gregório I, Papa",,,Antiguidade Tardia (III-VIII),,,Península Itálica,Península Itálica,,,1,,,,,,
PED039,"Dom Pedro, Condestável",Livro de Receitas e Despesas,Usatges de Cathalunya,,,,,,,,,,Por classificar,,,Indeterminada,,,,,,,1,,,,,,
PED040,"Dom Pedro, Condestável",Livro de Receitas e Despesas,De bello judayco,,,,,,,,,,Flávio Josefo (Yosef ben Matityahu),,,Antiguidade Clássica (V a.C-II.),,,,,,,1,,,,,,
PED041,"Dom Pedro, Condestável",Livro de Receitas e Despesas,Levament fet deis officials de casa dei senyor Rey,,,,,,,,,,Por classificar,,,Indeterminada,,,,,,,1,,,,,,
PED042,"Dom Pedro, Condestável",Livro de Receitas e Despesas,De consolacion,,,,,,,,,,Boécio (Anicius Manlius Severinus Boethius),,,Antiguidade Tardia (III-VIII),,,,,,,1,,,,,,
PED043,"Dom Pedro, Condestável",Livro de Receitas e Despesas,Constitutiones,,,,,,,Jurídica,Direito,,"Clemente, Papa",,,Antiguidade Clássica (V a.C-II.),,,,,,,1,,,,,,
PED044,"Dom Pedro, Condestável",Livro de Receitas e Despesas,ad Ludovicum regem,,,,,,,,,,,,,,,,,,,,1,,,,,,
PED045,"Dom Pedro, Condestável",Livro de Receitas e Despesas,La natural Istoria,,,,,,,História,Historiografia,,"Plínio, o Antigo (Gaius Plinius Secundus)",,,Antiguidade Clássica (V a.C-II.),,,,,,,1,,,,,,
PED046,"Dom Pedro, Condestável",Livro de Receitas e Despesas,Epistoles de Faliaredis et Gratie sinta,,,,,,,,,,Por classificar,,,Indeterminada,,,,,,,1,,,,,,
PED047,"Dom Pedro, Condestável",Livro de Receitas e Despesas,Summa super Decretalium,,,,,,,Jurídica,Direito,,Por classificar,,,Indeterminada,,,,,,,1,,,,,,
PED048,"Dom Pedro, Condestável",Livro de Receitas e Despesas,De bello macedonico,,,,,,,História,Historiografia,,Tito Lívio (Titus Livius),,,Antiguidade Clássica (V a.C-III),,,Península Itálica,Península Itálica,,,1,,,,,,
PED049,"Dom Pedro, Condestável",Livro de Receitas e Despesas,Cornelius Tacitus,,,,,,,,,,"Tácito (Publius Cornelius Tacitus)

)",,,Antiguidade Clássica (V a.C-II.),,,,,,,1,,,,,,
PED050,"Dom Pedro, Condestável",Livro de Receitas e Despesas,Conquestes de ultramar,,,Conquista do Ultramar,,,,Novelas de cavalaria,Matéria da Bretanha,Historiografia romana,Guilherme de Tiro,,,Idade Média Central (XI-XIII),,,França,Próximo Oriente,,,1,,,,,,
PED051,"Dom Pedro, Condestável",Livro de Receitas e Despesas,"Ores de nostre dona, dei Sanct sperit, e lo quicumque vult",,,,,,,,,,Anónimo (Geral),,,Baixa Idade Média (XIV-XV),,,Desconhecido,Desconhecido,,,1,,,,,,
PED052,"Dom Pedro, Condestável",Livro de Receitas e Despesas,Missalet de Cesar,,,,,,,,,,Anónimo (Geral),,,Baixa Idade Média (XIV-XV),,,Desconhecido,Desconhecido,,,1,,,,,,
PED053,"Dom Pedro, Condestável",Livro de Receitas e Despesas,Commentaria,,,,,,,,,,Por classificar,,,Indeterminada,,,,,,,1,,,,,,
PED054,"Dom Pedro, Condestável",Livro de Receitas e Despesas,De vita et moribus alexandri magni,,,,,,,História,Historiografia,,Quinto Cúrcio Rufo (Quintus Curtius Rufus),,,Antiguidade Clássica (V a.C-II.),,,,,,,1,,,,,,
PED055,"Dom Pedro, Condestável",Livro de Receitas e Despesas,Les coroniques de Spanya,,,,,,,,,,Pere Miquel Carbonell,,,Baixa Idade Média (XIV-XV),,,,,,,1,,,,,,
PED056,"Dom Pedro, Condestável",Livro de Receitas e Despesas,Salusti,,,,,,,,,,"Salústio (Gaius Sallustius Crispus)

)",,,Antiguidade Clássica (V a.C-II.),,,,,,,1,,,,,,
PED057,"Dom Pedro, Condestável",Livro de Receitas e Despesas,La contemplado de la Reyna,,,,,,,,,,Por classificar,,,Indeterminada,,,,,,,1,,,,,,
PED058,"Dom Pedro, Condestável",Livro de Receitas e Despesas,Speculum ecclesie mundi,,,,,,,,,,Por classificar,,,Indeterminada,,,,,,,1,,,,,,
PED059,"Dom Pedro, Condestável",Livro de Receitas e Despesas,De laude Criatoris,,,,,,,,,,Anónimo (Geral),,,Baixa Idade Média (XIV-XV),,,Desconhecido,Desconhecido,,,1,,,,,,
PED060,"Dom Pedro, Condestável",Livro de Receitas e Despesas,De Etymologia,,,,,,,,,,Isidoro de Sevilha,,,Antiguidade Tardia (III-VIII),,,,,,,1,,,,,,
PED061,"Dom Pedro, Condestável",Livro de Receitas e Despesas,Orto de Esposo,,,,,,,,,,Anónimo (Geral),,,Baixa Idade Média (XIV-XV),,,Desconhecido,Desconhecido,,,1,,,,,,
PED062,"Dom Pedro, Condestável",Livro de Receitas e Despesas,Coroniques deis Reyes darago e Comts de Barcelona,,,,,,,,,,"Pedro, o Cerimonioso",,,Baixa Idade Média (XIV-XV),,,,,,,1,,,,,,
PED063,"Dom Pedro, Condestável",Livro de Receitas e Despesas,Libre en pergamins,,,,,,,,,,Por classificar,,,Indeterminada,,,,,,,1,,,,,,
PED064,"Dom Pedro, Condestável",Livro de Receitas e Despesas,Liber,,,,,,,,,,"Justino (Marcus Junianus Justinus)




)",,,Antiguidade Clássica (V a.C-II.),,,,,,,1,,,,,,
PED065,"Dom Pedro, Condestável",Livro de Receitas e Despesas,Sidracho lo Philosopho,,,,,,,,,,Sidraco,,,Idade Média Central (XI-XIII),,,,,,,1,,,,,,
PED066,"Dom Pedro, Condestável",Livro de Receitas e Despesas,Declamaciones,,,,,,,,,,Séneca (Lucius Annaeus Seneca),,,Antiguidade Clássica (V a.C-III),,,Península Itálica,Península Itálica,,,1,,,,,,
PED067,"Dom Pedro, Condestável",Livro de Receitas e Despesas,Diversos Tractats,,,,,,,,,,Por classificar,,,Indeterminada,,,,,,,1,,,,,,
PED068,"Dom Pedro, Condestável",Livro de Receitas e Despesas,Les Constitutiones e usatges de Cathalunya,,,,,,,Jurídica,Direito,,Anónimo (Geral),,,Baixa Idade Média (XIV-XV),,,Desconhecido,Desconhecido,,,1,,,,,,
PED069,"Dom Pedro, Condestável",Livro de Receitas e Despesas,Liber Quartus,,,,,,,,,,Tomás de Aquino (Thomas Aquinas),,,Idade Média Central (XI-XIII),,,,,,,1,,,,,,
PED070,"Dom Pedro, Condestável",Livro de Receitas e Despesas,Livro das Virtudes,,,,,,,,,,Por classificar,,,Indeterminada,,,,,,,1,,,,,,
PED071,"Dom Pedro, Condestável",Livro de Receitas e Despesas,Breviari roma,,,,,,,Espiritualidade e religiosidade,Liturgia,,Anónimo (Geral),,,Baixa Idade Média (XIV-XV),,,Desconhecido,Desconhecido,,,1,,,,,,
PED072,"Dom Pedro, Condestável",Livro de Receitas e Despesas,Lo Mestre de les Sentencias,,,,,,,Espiritualidade e religiosidade,Teologia,,Pedro Lombardo (Petrus Lombardus),,,Idade Média Central (XI-XIII),,,,,,,1,,,,,,
PED073,"Dom Pedro, Condestável",Livro de Receitas e Despesas,Parabole Salomonis,,,,,,,,,,Anónimo (Geral),,,Baixa Idade Média (XIV-XV),,,Desconhecido,Desconhecido,,,1,,,,,,
PED074,"Dom Pedro, Condestável",Livro de Receitas e Despesas,Livro,,,,,,,,,,Por classificar,,,Indeterminada,,,,,,,1,,,,,,
PED075,"Dom Pedro, Condestável",Livro de Receitas e Despesas,Libret,,,,,,,,,,Por classificar,,,Indeterminada,,,,,,,1,,,,,,
PED076,"Dom Pedro, Condestável",Livro de Receitas e Despesas,Metamorfoses,,,,,,,,,,Ovídio (Publius Ovidius Naso),,,Antiguidade Clássica (V a.C-II.),,,,,,,1,,,,,,
PED077,"Dom Pedro, Condestável",Livro de Receitas e Despesas,Libre incipit Ecce Rex tuus venit,,,,,,,,,,Anónimo (Geral),,,Baixa Idade Média (XIV-XV),,,Desconhecido,Desconhecido,,,1,,,,,,
PED078,"Dom Pedro, Condestável",Livro de Receitas e Despesas,Libre incipit In principis creavit,,,,,,,Espiritualidade e religiosidade,Bíblia / Escrituras,,Anónimo (Geral),,,Baixa Idade Média (XIV-XV),,,Desconhecido,Desconhecido,,,1,,,,,,
PED079,"Dom Pedro, Condestável",Livro de Receitas e Despesas,Les Concordançes de la Bíblia,,,,,,,,,,Por classificar,,,Indeterminada,,,,,,,1,,,,,,
PED080,"Dom Pedro, Condestável",Livro de Receitas e Despesas,Libret incipit Lo offici,,,,,,,,,,Por classificar,,,Indeterminada,,,,,,,1,,,,,,
PED081,"Dom Pedro, Condestável",Livro de Receitas e Despesas,Líber Ysocretis,,,,,,,,,,Isócrates,,,Antiguidade Clássica (V a.C-II.),,,,,,,1,,,,,,
PED082,"Dom Pedro, Condestável",Livro de Receitas e Despesas,Lo Valeri,,,,,,,,,,Por classificar,,,Indeterminada,,,,,,,1,,,,,,
PED083,"Dom Pedro, Condestável",Livro de Receitas e Despesas,De la inmortalitat de la anima,,,,,,,,,,Rodrigo Fernández de Santaella,,,Baixa Idade Média (XIV-XV),,,,,,,1,,,,,,
PED084,"Dom Pedro, Condestável",Livro de Receitas e Despesas,Les Cent Balades,,,,,,,,,,Cristina de Pisano,,,Baixa Idade Média (XIV-XV),,,,,,,1,,,,,,
PED085,"Dom Pedro, Condestável",Livro de Receitas e Despesas,Sátira de contento dei mundo,,,,,,,,,,Por classificar,,,Indeterminada,,,,,,,1,,,,,,
PED086,"Dom Pedro, Condestável",Livro de Receitas e Despesas,Libre incipit Augustalis dicitur augustorum,,,,,,,,,,Por classificar,,,Indeterminada,,,,,,,1,,,,,,
PED087,"Dom Pedro, Condestável",Livro de Receitas e Despesas,De consolatione,,,,,,,,,,Boécio (Anicius Manlius Severinus Boethius),,,Antiguidade Tardia (III-VIII),,,,,,,1,,,,,,
PED088,"Dom Pedro, Condestável",Livro de Receitas e Despesas,Troia,,,,,,,Poesia,Poesia épica,,Homero (Hóm?ros),,,Época Arcaica (VIII-V aC),,,,,,,1,,,,,,
PED089,"Dom Pedro, Condestável",Livro de Receitas e Despesas,Es tot en cobles rimades,,,,,,,,,,Marquęs de Santillana (Íńigo López de Mendoz),,,Baixa Idade Média (XIV-XV),,,,,,,1,,,,,,
PED090,"Dom Pedro, Condestável",Livro de Receitas e Despesas,Officier de cant pla,,,,,,,,,,Anónimo (Geral),,,Baixa Idade Média (XIV-XV),,,Desconhecido,Desconhecido,,,1,,,,,,
PED091,"Dom Pedro, Condestável",Livro de Receitas e Despesas,Antifoner,,,,,,,Espiritualidade e religiosidade,Liturgia,,Anónimo (Geral),,,Baixa Idade Média (XIV-XV),,,Desconhecido,Desconhecido,,,1,,,,,,
PED092,"Dom Pedro, Condestável",Livro de Receitas e Despesas,Antifoner ab responsos,,,,,,,Espiritualidade e religiosidade,Liturgia,,Anónimo (Geral),,,Baixa Idade Média (XIV-XV),,,Desconhecido,Desconhecido,,,1,,,,,,
PED093,"Dom Pedro, Condestável",Livro de Receitas e Despesas,Dret,,,,,,,,,,Por classificar,,,Indeterminada,,,,,,,1,,,,,,
PED094,"Dom Pedro, Condestável",Livro de Receitas e Despesas,Clementines,,,,,,,Jurídica,Direito,,"Joăo XXII, Papa",,,Baixa Idade Média (XIV-XV),,,,,,,1,,,,,,
PED095,"Dom Pedro, Condestável",Livro de Receitas e Despesas,Joan Bocaci,,,,,,,,,,Giovanni Bocácio,,,Baixa Idade Média (XIV-XV),,,Península Itálica,Península Itálica,,,1,,,,,,
PED096,"Dom Pedro, Condestável",Livro de Receitas e Despesas,Ores,,,,,,,,,,Anónimo (Geral),,,Baixa Idade Média (XIV-XV),,,Desconhecido,Desconhecido,,,1,,,,,,
PED097,"Dom Pedro, Condestável",Livro de Receitas e Despesas,Missal,,,,,,,,,,Anónimo (Geral),,,Baixa Idade Média (XIV-XV),,,Desconhecido,Desconhecido,,,1,,,,,,
PED098,"Dom Pedro, Condestável",Livro de Receitas e Despesas,Missal roma,,,,,,,,,,Anónimo (Geral),,,Baixa Idade Média (XIV-XV),,,Desconhecido,Desconhecido,,,1,,,,,,
PED099,"Dom Pedro, Condestável",Livro de Receitas e Despesas,Catholicon,,,,,,,,,,Anónimo (Geral),,,Baixa Idade Média (XIV-XV),,,Desconhecido,Desconhecido,,,1,,,,,,